model,task_id,family,target_tokens,actual_document_tokens,fact_count,replicate,record_id,omission,unit_error,action_error,object_error,count_error,month_error,severity_error,any_field_error,exact_record,log2_tokens
gpt-4.1-mini,fixed_load-2000-0,fixed_load,2000,1928,10,0,IR-001-01,0,0.0,0.0,0.0,0.0,0.0,0.0,0.0,1,10.912889336229961
gpt-4.1-mini,fixed_load-2000-0,fixed_load,2000,1928,10,0,IR-001-02,0,0.0,0.0,0.0,0.0,0.0,0.0,0.0,1,10.912889336229961
gpt-4.1-mini,fixed_load-2000-0,fixed_load,2000,1928,10,0,IR-001-03,0,0.0,0.0,0.0,0.0,0.0,0.0,0.0,1,10.912889336229961
gpt-4.1-mini,fixed_load-2000-0,fixed_load,2000,1928,10,0,IR-001-04,0,0.0,0.0,0.0,0.0,0.0,0.0,0.0,1,10.912889336229961
gpt-4.1-mini,fixed_load-2000-0,fixed_load,2000,1928,10,0,IR-001-05,0,0.0,0.0,0.0,0.0,0.0,0.0,0.0,1,10.912889336229961
gpt-4.1-mini,fixed_load-2000-0,fixed_load,2000,1928,10,0,IR-001-06,0,0.0,0.0,0.0,0.0,0.0,0.0,0.0,1,10.912889336229961
gpt-4.1-mini,fixed_load-2000-0,fixed_load,2000,1928,10,0,IR-001-07,0,0.0,0.0,0.0,0.0,0.0,0.0,0.0,1,10.912889336229961
gpt-4.1-mini,fixed_load-2000-0,fixed_load,2000,1928,10,0,IR-001-08,0,0.0,0.0,0.0,0.0,0.0,0.0,0.0,1,10.912889336229961
gpt-4.1-mini,fixed_load-2000-0,fixed_load,2000,1928,10,0,IR-001-09,0,0.0,0.0,0.0,0.0,0.0,0.0,0.0,1,10.912889336229961
gpt-4.1-mini,fixed_load-2000-0,fixed_load,2000,1928,10,0,IR-001-10,0,0.0,0.0,0.0,0.0,0.0,0.0,0.0,1,10.912889336229961
gpt-4.1-mini,fixed_load-2000-1,fixed_load,2000,1932,10,1,IR-002-01,0,0.0,0.0,0.0,0.0,0.0,0.0,0.0,1,10.915879378835774
gpt-4.1-mini,fixed_load-2000-1,fixed_load,2000,1932,10,1,IR-002-02,0,0.0,0.0,0.0,0.0,0.0,0.0,0.0,1,10.915879378835774
gpt-4.1-mini,fixed_load-2000-1,fixed_load,2000,1932,10,1,IR-002-03,0,0.0,0.0,0.0,0.0,0.0,0.0,0.0,1,10.915879378835774
gpt-4.1-mini,fixed_load-2000-1,fixed_load,2000,1932,10,1,IR-002-04,0,0.0,0.0,0.0,0.0,0.0,0.0,0.0,1,10.915879378835774
gpt-4.1-mini,fixed_load-2000-1,fixed_load,2000,1932,10,1,IR-002-05,0,0.0,0.0,0.0,0.0,0.0,0.0,0.0,1,10.915879378835774
gpt-4.1-mini,fixed_load-2000-1,fixed_load,2000,1932,10,1,IR-002-06,0,0.0,0.0,0.0,0.0,0.0,0.0,0.0,1,10.915879378835774
gpt-4.1-mini,fixed_load-2000-1,fixed_load,2000,1932,10,1,IR-002-07,0,0.0,0.0,0.0,0.0,0.0,0.0,0.0,1,10.915879378835774
gpt-4.1-mini,fixed_load-2000-1,fixed_load,2000,1932,10,1,IR-002-08,0,0.0,0.0,0.0,0.0,0.0,0.0,0.0,1,10.915879378835774
gpt-4.1-mini,fixed_load-2000-1,fixed_load,2000,1932,10,1,IR-002-09,0,0.0,0.0,0.0,0.0,0.0,0.0,0.0,1,10.915879378835774
gpt-4.1-mini,fixed_load-2000-1,fixed_load,2000,1932,10,1,IR-002-10,0,0.0,0.0,0.0,0.0,0.0,0.0,0.0,1,10.915879378835774
gpt-4.1-mini,fixed_load-2000-2,fixed_load,2000,1929,10,2,IR-003-01,0,0.0,0.0,0.0,0.0,0.0,0.0,0.0,1,10.913637428049103
gpt-4.1-mini,fixed_load-2000-2,fixed_load,2000,1929,10,2,IR-003-02,0,0.0,0.0,0.0,0.0,0.0,0.0,0.0,1,10.913637428049103
gpt-4.1-mini,fixed_load-2000-2,fixed_load,2000,1929,10,2,IR-003-03,0,0.0,0.0,0.0,0.0,0.0,0.0,0.0,1,10.913637428049103
gpt-4.1-mini,fixed_load-2000-2,fixed_load,2000,1929,10,2,IR-003-04,0,0.0,0.0,0.0,0.0,0.0,0.0,0.0,1,10.913637428049103
gpt-4.1-mini,fixed_load-2000-2,fixed_load,2000,1929,10,2,IR-003-05,0,0.0,0.0,0.0,0.0,0.0,0.0,0.0,1,10.913637428049103
gpt-4.1-mini,fixed_load-2000-2,fixed_load,2000,1929,10,2,IR-003-06,0,0.0,0.0,0.0,0.0,0.0,0.0,0.0,1,10.913637428049103
gpt-4.1-mini,fixed_load-2000-2,fixed_load,2000,1929,10,2,IR-003-07,0,0.0,0.0,0.0,0.0,0.0,0.0,0.0,1,10.913637428049103
gpt-4.1-mini,fixed_load-2000-2,fixed_load,2000,1929,10,2,IR-003-08,0,0.0,0.0,0.0,0.0,0.0,0.0,0.0,1,10.913637428049103
gpt-4.1-mini,fixed_load-2000-2,fixed_load,2000,1929,10,2,IR-003-09,0,0.0,0.0,0.0,0.0,0.0,0.0,0.0,1,10.913637428049103
gpt-4.1-mini,fixed_load-2000-2,fixed_load,2000,1929,10,2,IR-003-10,0,0.0,0.0,0.0,0.0,0.0,0.0,0.0,1,10.913637428049103
gpt-4.1-mini,fixed_load-6000-0,fixed_load,6000,5928,10,0,IR-004-01,0,0.0,0.0,0.0,0.0,0.0,0.0,0.0,1,12.533329732305834
gpt-4.1-mini,fixed_load-6000-0,fixed_load,6000,5928,10,0,IR-004-02,0,0.0,0.0,0.0,0.0,0.0,0.0,0.0,1,12.533329732305834
gpt-4.1-mini,fixed_load-6000-0,fixed_load,6000,5928,10,0,IR-004-03,0,0.0,0.0,0.0,0.0,0.0,0.0,0.0,1,12.533329732305834
gpt-4.1-mini,fixed_load-6000-0,fixed_load,6000,5928,10,0,IR-004-04,0,0.0,0.0,0.0,0.0,0.0,0.0,0.0,1,12.533329732305834
gpt-4.1-mini,fixed_load-6000-0,fixed_load,6000,5928,10,0,IR-004-05,0,0.0,0.0,0.0,0.0,0.0,0.0,0.0,1,12.533329732305834
gpt-4.1-mini,fixed_load-6000-0,fixed_load,6000,5928,10,0,IR-004-06,0,0.0,0.0,0.0,0.0,0.0,0.0,0.0,1,12.533329732305834
gpt-4.1-mini,fixed_load-6000-0,fixed_load,6000,5928,10,0,IR-004-07,0,0.0,0.0,0.0,0.0,0.0,0.0,0.0,1,12.533329732305834
gpt-4.1-mini,fixed_load-6000-0,fixed_load,6000,5928,10,0,IR-004-08,0,0.0,0.0,0.0,0.0,0.0,0.0,0.0,1,12.533329732305834
gpt-4.1-mini,fixed_load-6000-0,fixed_load,6000,5928,10,0,IR-004-09,0,0.0,0.0,0.0,0.0,0.0,0.0,0.0,1,12.533329732305834
gpt-4.1-mini,fixed_load-6000-0,fixed_load,6000,5928,10,0,IR-004-10,0,0.0,0.0,0.0,0.0,0.0,0.0,0.0,1,12.533329732305834
gpt-4.1-mini,fixed_load-6000-1,fixed_load,6000,5928,10,1,IR-005-01,0,0.0,0.0,0.0,0.0,0.0,0.0,0.0,1,12.533329732305834
gpt-4.1-mini,fixed_load-6000-1,fixed_load,6000,5928,10,1,IR-005-02,0,0.0,1.0,0.0,0.0,0.0,0.0,1.0,0,12.533329732305834
gpt-4.1-mini,fixed_load-6000-1,fixed_load,6000,5928,10,1,IR-005-03,0,0.0,0.0,0.0,0.0,0.0,0.0,0.0,1,12.533329732305834
gpt-4.1-mini,fixed_load-6000-1,fixed_load,6000,5928,10,1,IR-005-04,0,0.0,0.0,0.0,0.0,0.0,0.0,0.0,1,12.533329732305834
gpt-4.1-mini,fixed_load-6000-1,fixed_load,6000,5928,10,1,IR-005-05,0,0.0,0.0,0.0,0.0,0.0,0.0,0.0,1,12.533329732305834
gpt-4.1-mini,fixed_load-6000-1,fixed_load,6000,5928,10,1,IR-005-06,0,0.0,0.0,0.0,0.0,0.0,0.0,0.0,1,12.533329732305834
gpt-4.1-mini,fixed_load-6000-1,fixed_load,6000,5928,10,1,IR-005-07,0,0.0,0.0,0.0,0.0,0.0,0.0,0.0,1,12.533329732305834
gpt-4.1-mini,fixed_load-6000-1,fixed_load,6000,5928,10,1,IR-005-08,0,0.0,0.0,0.0,0.0,0.0,0.0,0.0,1,12.533329732305834
gpt-4.1-mini,fixed_load-6000-1,fixed_load,6000,5928,10,1,IR-005-09,0,0.0,0.0,0.0,0.0,0.0,0.0,0.0,1,12.533329732305834
gpt-4.1-mini,fixed_load-6000-1,fixed_load,6000,5928,10,1,IR-005-10,0,0.0,0.0,0.0,0.0,0.0,0.0,0.0,1,12.533329732305834
gpt-4.1-mini,fixed_load-6000-2,fixed_load,6000,5924,10,2,IR-006-01,0,0.0,0.0,0.0,0.0,0.0,0.0,0.0,1,12.532355925288847
gpt-4.1-mini,fixed_load-6000-2,fixed_load,6000,5924,10,2,IR-006-02,0,0.0,0.0,0.0,0.0,0.0,0.0,0.0,1,12.532355925288847
gpt-4.1-mini,fixed_load-6000-2,fixed_load,6000,5924,10,2,IR-006-03,0,0.0,0.0,0.0,0.0,0.0,0.0,0.0,1,12.532355925288847
gpt-4.1-mini,fixed_load-6000-2,fixed_load,6000,5924,10,2,IR-006-04,0,0.0,0.0,0.0,0.0,0.0,0.0,0.0,1,12.532355925288847
gpt-4.1-mini,fixed_load-6000-2,fixed_load,6000,5924,10,2,IR-006-05,0,0.0,0.0,0.0,0.0,0.0,0.0,0.0,1,12.532355925288847
gpt-4.1-mini,fixed_load-6000-2,fixed_load,6000,5924,10,2,IR-006-06,0,0.0,0.0,0.0,0.0,0.0,0.0,0.0,1,12.532355925288847
gpt-4.1-mini,fixed_load-6000-2,fixed_load,6000,5924,10,2,IR-006-07,0,0.0,0.0,0.0,0.0,0.0,0.0,0.0,1,12.532355925288847
gpt-4.1-mini,fixed_load-6000-2,fixed_load,6000,5924,10,2,IR-006-08,0,0.0,0.0,0.0,0.0,0.0,0.0,0.0,1,12.532355925288847
gpt-4.1-mini,fixed_load-6000-2,fixed_load,6000,5924,10,2,IR-006-09,0,0.0,0.0,0.0,0.0,0.0,0.0,0.0,1,12.532355925288847
gpt-4.1-mini,fixed_load-6000-2,fixed_load,6000,5924,10,2,IR-006-10,0,0.0,0.0,0.0,0.0,0.0,0.0,0.0,1,12.532355925288847
gpt-4.1-mini,fixed_load-12000-0,fixed_load,12000,11925,10,0,IR-007-01,0,0.0,0.0,0.0,0.0,0.0,0.0,0.0,1,13.541701645780236
gpt-4.1-mini,fixed_load-12000-0,fixed_load,12000,11925,10,0,IR-007-02,0,0.0,0.0,0.0,0.0,0.0,0.0,0.0,1,13.541701645780236
gpt-4.1-mini,fixed_load-12000-0,fixed_load,12000,11925,10,0,IR-007-03,0,0.0,0.0,0.0,0.0,0.0,0.0,0.0,1,13.541701645780236
gpt-4.1-mini,fixed_load-12000-0,fixed_load,12000,11925,10,0,IR-007-04,0,0.0,0.0,0.0,0.0,0.0,0.0,0.0,1,13.541701645780236
gpt-4.1-mini,fixed_load-12000-0,fixed_load,12000,11925,10,0,IR-007-05,0,0.0,0.0,0.0,0.0,0.0,0.0,0.0,1,13.541701645780236
gpt-4.1-mini,fixed_load-12000-0,fixed_load,12000,11925,10,0,IR-007-06,0,0.0,0.0,0.0,0.0,0.0,0.0,0.0,1,13.541701645780236
gpt-4.1-mini,fixed_load-12000-0,fixed_load,12000,11925,10,0,IR-007-07,0,0.0,0.0,0.0,0.0,0.0,0.0,0.0,1,13.541701645780236
gpt-4.1-mini,fixed_load-12000-0,fixed_load,12000,11925,10,0,IR-007-08,0,0.0,0.0,0.0,0.0,0.0,0.0,0.0,1,13.541701645780236
gpt-4.1-mini,fixed_load-12000-0,fixed_load,12000,11925,10,0,IR-007-09,0,0.0,0.0,0.0,0.0,0.0,0.0,0.0,1,13.541701645780236
gpt-4.1-mini,fixed_load-12000-0,fixed_load,12000,11925,10,0,IR-007-10,0,0.0,0.0,0.0,0.0,0.0,0.0,0.0,1,13.541701645780236
gpt-4.1-mini,fixed_load-12000-1,fixed_load,12000,11925,10,1,IR-008-01,0,0.0,0.0,0.0,0.0,0.0,0.0,0.0,1,13.541701645780236
gpt-4.1-mini,fixed_load-12000-1,fixed_load,12000,11925,10,1,IR-008-02,0,0.0,1.0,0.0,0.0,0.0,0.0,1.0,0,13.541701645780236
gpt-4.1-mini,fixed_load-12000-1,fixed_load,12000,11925,10,1,IR-008-03,0,0.0,0.0,0.0,0.0,0.0,0.0,0.0,1,13.541701645780236
gpt-4.1-mini,fixed_load-12000-1,fixed_load,12000,11925,10,1,IR-008-04,0,0.0,0.0,0.0,0.0,0.0,0.0,0.0,1,13.541701645780236
gpt-4.1-mini,fixed_load-12000-1,fixed_load,12000,11925,10,1,IR-008-05,0,0.0,0.0,0.0,0.0,0.0,0.0,0.0,1,13.541701645780236
gpt-4.1-mini,fixed_load-12000-1,fixed_load,12000,11925,10,1,IR-008-06,0,0.0,0.0,0.0,0.0,0.0,0.0,0.0,1,13.541701645780236
gpt-4.1-mini,fixed_load-12000-1,fixed_load,12000,11925,10,1,IR-008-07,0,0.0,0.0,0.0,0.0,0.0,0.0,0.0,1,13.541701645780236
gpt-4.1-mini,fixed_load-12000-1,fixed_load,12000,11925,10,1,IR-008-08,0,0.0,0.0,0.0,0.0,0.0,0.0,0.0,1,13.541701645780236
gpt-4.1-mini,fixed_load-12000-1,fixed_load,12000,11925,10,1,IR-008-09,0,0.0,0.0,0.0,0.0,0.0,0.0,0.0,1,13.541701645780236
gpt-4.1-mini,fixed_load-12000-1,fixed_load,12000,11925,10,1,IR-008-10,0,0.0,0.0,0.0,0.0,0.0,0.0,0.0,1,13.541701645780236
gpt-4.1-mini,fixed_load-12000-2,fixed_load,12000,11924,10,2,IR-009-01,0,0.0,0.0,0.0,0.0,0.0,0.0,0.0,1,13.541580659991169
gpt-4.1-mini,fixed_load-12000-2,fixed_load,12000,11924,10,2,IR-009-02,0,0.0,0.0,0.0,0.0,0.0,0.0,0.0,1,13.541580659991169
gpt-4.1-mini,fixed_load-12000-2,fixed_load,12000,11924,10,2,IR-009-03,0,0.0,0.0,0.0,0.0,0.0,0.0,0.0,1,13.541580659991169
gpt-4.1-mini,fixed_load-12000-2,fixed_load,12000,11924,10,2,IR-009-04,0,0.0,0.0,0.0,0.0,0.0,0.0,0.0,1,13.541580659991169
gpt-4.1-mini,fixed_load-12000-2,fixed_load,12000,11924,10,2,IR-009-05,0,0.0,0.0,0.0,0.0,0.0,0.0,0.0,1,13.541580659991169
gpt-4.1-mini,fixed_load-12000-2,fixed_load,12000,11924,10,2,IR-009-06,0,0.0,0.0,0.0,0.0,0.0,0.0,0.0,1,13.541580659991169
gpt-4.1-mini,fixed_load-12000-2,fixed_load,12000,11924,10,2,IR-009-07,0,0.0,0.0,0.0,0.0,0.0,0.0,0.0,1,13.541580659991169
gpt-4.1-mini,fixed_load-12000-2,fixed_load,12000,11924,10,2,IR-009-08,0,0.0,0.0,0.0,0.0,0.0,0.0,0.0,1,13.541580659991169
gpt-4.1-mini,fixed_load-12000-2,fixed_load,12000,11924,10,2,IR-009-09,0,0.0,0.0,0.0,0.0,0.0,0.0,0.0,1,13.541580659991169
gpt-4.1-mini,fixed_load-12000-2,fixed_load,12000,11924,10,2,IR-009-10,0,0.0,0.0,0.0,0.0,0.0,0.0,0.0,1,13.541580659991169
gpt-4.1-mini,fixed_load-24000-0,fixed_load,24000,23917,10,0,IR-010-01,0,0.0,0.0,0.0,0.0,0.0,0.0,0.0,1,14.545748817724457
gpt-4.1-mini,fixed_load-24000-0,fixed_load,24000,23917,10,0,IR-010-02,0,0.0,0.0,0.0,0.0,0.0,0.0,0.0,1,14.545748817724457
gpt-4.1-mini,fixed_load-24000-0,fixed_load,24000,23917,10,0,IR-010-03,0,0.0,0.0,0.0,0.0,0.0,0.0,0.0,1,14.545748817724457
gpt-4.1-mini,fixed_load-24000-0,fixed_load,24000,23917,10,0,IR-010-04,0,0.0,0.0,0.0,0.0,0.0,0.0,0.0,1,14.545748817724457
gpt-4.1-mini,fixed_load-24000-0,fixed_load,24000,23917,10,0,IR-010-05,0,0.0,0.0,0.0,0.0,0.0,0.0,0.0,1,14.545748817724457
gpt-4.1-mini,fixed_load-24000-0,fixed_load,24000,23917,10,0,IR-010-06,0,0.0,0.0,0.0,0.0,0.0,0.0,0.0,1,14.545748817724457
gpt-4.1-mini,fixed_load-24000-0,fixed_load,24000,23917,10,0,IR-010-07,0,0.0,0.0,0.0,0.0,0.0,0.0,0.0,1,14.545748817724457
gpt-4.1-mini,fixed_load-24000-0,fixed_load,24000,23917,10,0,IR-010-08,0,0.0,0.0,0.0,0.0,0.0,0.0,0.0,1,14.545748817724457
gpt-4.1-mini,fixed_load-24000-0,fixed_load,24000,23917,10,0,IR-010-09,0,0.0,0.0,0.0,0.0,0.0,0.0,0.0,1,14.545748817724457
gpt-4.1-mini,fixed_load-24000-0,fixed_load,24000,23917,10,0,IR-010-10,0,0.0,0.0,0.0,0.0,0.0,0.0,0.0,1,14.545748817724457
gpt-4.1-mini,fixed_load-24000-1,fixed_load,24000,23921,10,1,IR-011-01,0,0.0,0.0,0.0,0.0,0.0,0.0,0.0,1,14.545990081162602
gpt-4.1-mini,fixed_load-24000-1,fixed_load,24000,23921,10,1,IR-011-02,0,0.0,0.0,0.0,0.0,0.0,0.0,0.0,1,14.545990081162602
gpt-4.1-mini,fixed_load-24000-1,fixed_load,24000,23921,10,1,IR-011-03,0,0.0,0.0,0.0,0.0,0.0,0.0,0.0,1,14.545990081162602
gpt-4.1-mini,fixed_load-24000-1,fixed_load,24000,23921,10,1,IR-011-04,0,0.0,0.0,0.0,0.0,0.0,0.0,0.0,1,14.545990081162602
gpt-4.1-mini,fixed_load-24000-1,fixed_load,24000,23921,10,1,IR-011-05,0,0.0,0.0,0.0,0.0,0.0,0.0,0.0,1,14.545990081162602
gpt-4.1-mini,fixed_load-24000-1,fixed_load,24000,23921,10,1,IR-011-06,0,0.0,0.0,0.0,0.0,0.0,0.0,0.0,1,14.545990081162602
gpt-4.1-mini,fixed_load-24000-1,fixed_load,24000,23921,10,1,IR-011-07,0,0.0,0.0,0.0,0.0,0.0,0.0,0.0,1,14.545990081162602
gpt-4.1-mini,fixed_load-24000-1,fixed_load,24000,23921,10,1,IR-011-08,0,0.0,0.0,0.0,0.0,0.0,0.0,0.0,1,14.545990081162602
gpt-4.1-mini,fixed_load-24000-1,fixed_load,24000,23921,10,1,IR-011-09,0,0.0,0.0,0.0,0.0,0.0,0.0,0.0,1,14.545990081162602
gpt-4.1-mini,fixed_load-24000-1,fixed_load,24000,23921,10,1,IR-011-10,0,0.0,0.0,0.0,0.0,0.0,0.0,0.0,1,14.545990081162602
gpt-4.1-mini,fixed_load-24000-2,fixed_load,24000,23921,10,2,IR-012-01,0,0.0,0.0,0.0,0.0,0.0,0.0,0.0,1,14.545990081162602
gpt-4.1-mini,fixed_load-24000-2,fixed_load,24000,23921,10,2,IR-012-02,0,0.0,0.0,0.0,0.0,0.0,0.0,0.0,1,14.545990081162602
gpt-4.1-mini,fixed_load-24000-2,fixed_load,24000,23921,10,2,IR-012-03,0,0.0,0.0,0.0,0.0,0.0,0.0,0.0,1,14.545990081162602
gpt-4.1-mini,fixed_load-24000-2,fixed_load,24000,23921,10,2,IR-012-04,0,0.0,0.0,0.0,0.0,0.0,0.0,0.0,1,14.545990081162602
gpt-4.1-mini,fixed_load-24000-2,fixed_load,24000,23921,10,2,IR-012-05,0,0.0,0.0,0.0,0.0,0.0,0.0,0.0,1,14.545990081162602
gpt-4.1-mini,fixed_load-24000-2,fixed_load,24000,23921,10,2,IR-012-06,0,0.0,0.0,0.0,0.0,0.0,0.0,0.0,1,14.545990081162602
gpt-4.1-mini,fixed_load-24000-2,fixed_load,24000,23921,10,2,IR-012-07,0,0.0,0.0,0.0,0.0,0.0,0.0,0.0,1,14.545990081162602
gpt-4.1-mini,fixed_load-24000-2,fixed_load,24000,23921,10,2,IR-012-08,0,0.0,0.0,0.0,0.0,0.0,0.0,0.0,1,14.545990081162602
gpt-4.1-mini,fixed_load-24000-2,fixed_load,24000,23921,10,2,IR-012-09,0,0.0,0.0,0.0,0.0,0.0,0.0,0.0,1,14.545990081162602
gpt-4.1-mini,fixed_load-24000-2,fixed_load,24000,23921,10,2,IR-012-10,0,0.0,0.0,0.0,0.0,0.0,0.0,0.0,1,14.545990081162602
gpt-4.1-mini,scaled_load-2000-0,scaled_load,2000,1924,4,0,IR-013-01,0,0.0,0.0,0.0,0.0,0.0,0.0,0.0,1,10.909893083770042
gpt-4.1-mini,scaled_load-2000-0,scaled_load,2000,1924,4,0,IR-013-02,0,0.0,0.0,0.0,0.0,0.0,0.0,0.0,1,10.909893083770042
gpt-4.1-mini,scaled_load-2000-0,scaled_load,2000,1924,4,0,IR-013-03,0,0.0,0.0,0.0,0.0,0.0,0.0,0.0,1,10.909893083770042
gpt-4.1-mini,scaled_load-2000-0,scaled_load,2000,1924,4,0,IR-013-04,0,0.0,0.0,0.0,0.0,0.0,0.0,0.0,1,10.909893083770042
gpt-4.1-mini,scaled_load-2000-1,scaled_load,2000,1924,4,1,IR-014-01,0,0.0,0.0,0.0,0.0,0.0,0.0,0.0,1,10.909893083770042
gpt-4.1-mini,scaled_load-2000-1,scaled_load,2000,1924,4,1,IR-014-02,0,0.0,0.0,0.0,0.0,0.0,0.0,0.0,1,10.909893083770042
gpt-4.1-mini,scaled_load-2000-1,scaled_load,2000,1924,4,1,IR-014-03,0,0.0,0.0,0.0,0.0,0.0,0.0,0.0,1,10.909893083770042
gpt-4.1-mini,scaled_load-2000-1,scaled_load,2000,1924,4,1,IR-014-04,0,0.0,0.0,0.0,0.0,0.0,0.0,0.0,1,10.909893083770042
gpt-4.1-mini,scaled_load-2000-2,scaled_load,2000,1925,4,2,IR-015-01,0,0.0,0.0,0.0,0.0,0.0,0.0,0.0,1,10.910642730469625
gpt-4.1-mini,scaled_load-2000-2,scaled_load,2000,1925,4,2,IR-015-02,0,0.0,0.0,0.0,0.0,0.0,0.0,0.0,1,10.910642730469625
gpt-4.1-mini,scaled_load-2000-2,scaled_load,2000,1925,4,2,IR-015-03,0,0.0,0.0,0.0,0.0,0.0,0.0,0.0,1,10.910642730469625
gpt-4.1-mini,scaled_load-2000-2,scaled_load,2000,1925,4,2,IR-015-04,0,0.0,0.0,0.0,0.0,0.0,0.0,0.0,1,10.910642730469625
gpt-4.1-mini,scaled_load-6000-0,scaled_load,6000,5923,8,0,IR-016-01,0,0.0,0.0,0.0,0.0,0.0,0.0,0.0,1,12.532112370794998
gpt-4.1-mini,scaled_load-6000-0,scaled_load,6000,5923,8,0,IR-016-02,0,0.0,0.0,0.0,0.0,0.0,0.0,0.0,1,12.532112370794998
gpt-4.1-mini,scaled_load-6000-0,scaled_load,6000,5923,8,0,IR-016-03,0,0.0,0.0,0.0,0.0,0.0,0.0,0.0,1,12.532112370794998
gpt-4.1-mini,scaled_load-6000-0,scaled_load,6000,5923,8,0,IR-016-04,0,0.0,0.0,0.0,0.0,0.0,0.0,0.0,1,12.532112370794998
gpt-4.1-mini,scaled_load-6000-0,scaled_load,6000,5923,8,0,IR-016-05,0,0.0,0.0,0.0,0.0,0.0,0.0,0.0,1,12.532112370794998
gpt-4.1-mini,scaled_load-6000-0,scaled_load,6000,5923,8,0,IR-016-06,0,0.0,0.0,0.0,0.0,0.0,0.0,0.0,1,12.532112370794998
gpt-4.1-mini,scaled_load-6000-0,scaled_load,6000,5923,8,0,IR-016-07,0,0.0,0.0,0.0,0.0,0.0,0.0,0.0,1,12.532112370794998
gpt-4.1-mini,scaled_load-6000-0,scaled_load,6000,5923,8,0,IR-016-08,0,0.0,0.0,0.0,0.0,0.0,0.0,0.0,1,12.532112370794998
gpt-4.1-mini,scaled_load-6000-1,scaled_load,6000,5932,8,1,IR-017-01,0,0.0,0.0,0.0,0.0,0.0,0.0,0.0,1,12.53430288245463
gpt-4.1-mini,scaled_load-6000-1,scaled_load,6000,5932,8,1,IR-017-02,0,0.0,0.0,0.0,0.0,0.0,0.0,0.0,1,12.53430288245463
gpt-4.1-mini,scaled_load-6000-1,scaled_load,6000,5932,8,1,IR-017-03,0,0.0,0.0,0.0,0.0,0.0,0.0,0.0,1,12.53430288245463
gpt-4.1-mini,scaled_load-6000-1,scaled_load,6000,5932,8,1,IR-017-04,0,0.0,0.0,0.0,0.0,0.0,0.0,0.0,1,12.53430288245463
gpt-4.1-mini,scaled_load-6000-1,scaled_load,6000,5932,8,1,IR-017-05,0,0.0,0.0,0.0,0.0,0.0,0.0,0.0,1,12.53430288245463
gpt-4.1-mini,scaled_load-6000-1,scaled_load,6000,5932,8,1,IR-017-06,0,0.0,0.0,0.0,0.0,0.0,0.0,0.0,1,12.53430288245463
gpt-4.1-mini,scaled_load-6000-1,scaled_load,6000,5932,8,1,IR-017-07,0,0.0,0.0,0.0,0.0,0.0,0.0,0.0,1,12.53430288245463
gpt-4.1-mini,scaled_load-6000-1,scaled_load,6000,5932,8,1,IR-017-08,0,0.0,0.0,0.0,0.0,0.0,0.0,0.0,1,12.53430288245463
gpt-4.1-mini,scaled_load-6000-2,scaled_load,6000,5926,8,2,IR-018-01,0,0.0,0.0,0.0,0.0,0.0,0.0,0.0,1,12.532842910961282
gpt-4.1-mini,scaled_load-6000-2,scaled_load,6000,5926,8,2,IR-018-02,0,0.0,0.0,0.0,0.0,0.0,0.0,0.0,1,12.532842910961282
gpt-4.1-mini,scaled_load-6000-2,scaled_load,6000,5926,8,2,IR-018-03,0,0.0,0.0,0.0,0.0,0.0,0.0,0.0,1,12.532842910961282
gpt-4.1-mini,scaled_load-6000-2,scaled_load,6000,5926,8,2,IR-018-04,0,0.0,0.0,0.0,0.0,0.0,0.0,0.0,1,12.532842910961282
gpt-4.1-mini,scaled_load-6000-2,scaled_load,6000,5926,8,2,IR-018-05,0,0.0,0.0,0.0,0.0,0.0,0.0,0.0,1,12.532842910961282
gpt-4.1-mini,scaled_load-6000-2,scaled_load,6000,5926,8,2,IR-018-06,0,0.0,0.0,0.0,0.0,0.0,0.0,0.0,1,12.532842910961282
gpt-4.1-mini,scaled_load-6000-2,scaled_load,6000,5926,8,2,IR-018-07,0,0.0,0.0,0.0,0.0,0.0,0.0,0.0,1,12.532842910961282
gpt-4.1-mini,scaled_load-6000-2,scaled_load,6000,5926,8,2,IR-018-08,0,0.0,0.0,0.0,0.0,0.0,0.0,0.0,1,12.532842910961282
gpt-4.1-mini,scaled_load-12000-0,scaled_load,12000,11931,16,0,IR-019-01,0,0.0,0.0,0.0,0.0,0.0,0.0,0.0,1,13.542427347526367
gpt-4.1-mini,scaled_load-12000-0,scaled_load,12000,11931,16,0,IR-019-02,0,0.0,0.0,0.0,0.0,0.0,0.0,0.0,1,13.542427347526367
gpt-4.1-mini,scaled_load-12000-0,scaled_load,12000,11931,16,0,IR-019-03,0,0.0,0.0,0.0,0.0,0.0,0.0,0.0,1,13.542427347526367
gpt-4.1-mini,scaled_load-12000-0,scaled_load,12000,11931,16,0,IR-019-04,0,0.0,0.0,0.0,0.0,0.0,0.0,0.0,1,13.542427347526367
gpt-4.1-mini,scaled_load-12000-0,scaled_load,12000,11931,16,0,IR-019-05,0,0.0,0.0,0.0,0.0,0.0,0.0,0.0,1,13.542427347526367
gpt-4.1-mini,scaled_load-12000-0,scaled_load,12000,11931,16,0,IR-019-06,0,0.0,0.0,0.0,0.0,0.0,0.0,0.0,1,13.542427347526367
gpt-4.1-mini,scaled_load-12000-0,scaled_load,12000,11931,16,0,IR-019-07,0,0.0,0.0,0.0,0.0,0.0,0.0,0.0,1,13.542427347526367
gpt-4.1-mini,scaled_load-12000-0,scaled_load,12000,11931,16,0,IR-019-08,0,0.0,0.0,0.0,0.0,0.0,0.0,0.0,1,13.542427347526367
gpt-4.1-mini,scaled_load-12000-0,scaled_load,12000,11931,16,0,IR-019-09,0,0.0,0.0,0.0,0.0,0.0,0.0,0.0,1,13.542427347526367
gpt-4.1-mini,scaled_load-12000-0,scaled_load,12000,11931,16,0,IR-019-10,0,0.0,0.0,0.0,0.0,0.0,0.0,0.0,1,13.542427347526367
gpt-4.1-mini,scaled_load-12000-0,scaled_load,12000,11931,16,0,IR-019-11,0,0.0,0.0,0.0,0.0,0.0,0.0,0.0,1,13.542427347526367
gpt-4.1-mini,scaled_load-12000-0,scaled_load,12000,11931,16,0,IR-019-12,0,0.0,0.0,0.0,0.0,0.0,0.0,0.0,1,13.542427347526367
gpt-4.1-mini,scaled_load-12000-0,scaled_load,12000,11931,16,0,IR-019-13,0,0.0,0.0,0.0,0.0,0.0,0.0,0.0,1,13.542427347526367
gpt-4.1-mini,scaled_load-12000-0,scaled_load,12000,11931,16,0,IR-019-14,0,0.0,0.0,0.0,0.0,0.0,0.0,0.0,1,13.542427347526367
gpt-4.1-mini,scaled_load-12000-0,scaled_load,12000,11931,16,0,IR-019-15,0,0.0,0.0,0.0,0.0,0.0,0.0,0.0,1,13.542427347526367
gpt-4.1-mini,scaled_load-12000-0,scaled_load,12000,11931,16,0,IR-019-16,0,0.0,0.0,0.0,0.0,0.0,0.0,0.0,1,13.542427347526367
gpt-4.1-mini,scaled_load-12000-1,scaled_load,12000,11933,16,1,IR-020-01,0,0.0,0.0,0.0,0.0,0.0,0.0,0.0,1,13.542669167010825
gpt-4.1-mini,scaled_load-12000-1,scaled_load,12000,11933,16,1,IR-020-02,0,0.0,0.0,0.0,0.0,0.0,0.0,0.0,1,13.542669167010825
gpt-4.1-mini,scaled_load-12000-1,scaled_load,12000,11933,16,1,IR-020-03,0,0.0,0.0,0.0,0.0,0.0,0.0,0.0,1,13.542669167010825
gpt-4.1-mini,scaled_load-12000-1,scaled_load,12000,11933,16,1,IR-020-04,0,0.0,0.0,0.0,0.0,0.0,0.0,0.0,1,13.542669167010825
gpt-4.1-mini,scaled_load-12000-1,scaled_load,12000,11933,16,1,IR-020-05,0,0.0,0.0,0.0,0.0,0.0,0.0,0.0,1,13.542669167010825
gpt-4.1-mini,scaled_load-12000-1,scaled_load,12000,11933,16,1,IR-020-06,0,0.0,0.0,0.0,0.0,0.0,0.0,0.0,1,13.542669167010825
gpt-4.1-mini,scaled_load-12000-1,scaled_load,12000,11933,16,1,IR-020-07,0,0.0,0.0,0.0,0.0,0.0,0.0,0.0,1,13.542669167010825
gpt-4.1-mini,scaled_load-12000-1,scaled_load,12000,11933,16,1,IR-020-08,0,0.0,0.0,0.0,0.0,0.0,0.0,0.0,1,13.542669167010825
gpt-4.1-mini,scaled_load-12000-1,scaled_load,12000,11933,16,1,IR-020-09,0,0.0,0.0,0.0,0.0,0.0,0.0,0.0,1,13.542669167010825
gpt-4.1-mini,scaled_load-12000-1,scaled_load,12000,11933,16,1,IR-020-10,0,0.0,0.0,0.0,0.0,0.0,0.0,0.0,1,13.542669167010825
gpt-4.1-mini,scaled_load-12000-1,scaled_load,12000,11933,16,1,IR-020-11,0,0.0,0.0,0.0,0.0,0.0,0.0,0.0,1,13.542669167010825
gpt-4.1-mini,scaled_load-12000-1,scaled_load,12000,11933,16,1,IR-020-12,0,0.0,0.0,0.0,0.0,0.0,0.0,0.0,1,13.542669167010825
gpt-4.1-mini,scaled_load-12000-1,scaled_load,12000,11933,16,1,IR-020-13,0,0.0,0.0,0.0,0.0,0.0,0.0,0.0,1,13.542669167010825
gpt-4.1-mini,scaled_load-12000-1,scaled_load,12000,11933,16,1,IR-020-14,0,0.0,0.0,0.0,0.0,0.0,0.0,0.0,1,13.542669167010825
gpt-4.1-mini,scaled_load-12000-1,scaled_load,12000,11933,16,1,IR-020-15,0,0.0,0.0,0.0,0.0,0.0,0.0,0.0,1,13.542669167010825
gpt-4.1-mini,scaled_load-12000-1,scaled_load,12000,11933,16,1,IR-020-16,0,0.0,0.0,0.0,0.0,0.0,0.0,0.0,1,13.542669167010825
gpt-4.1-mini,scaled_load-12000-2,scaled_load,12000,11931,16,2,IR-021-01,0,0.0,0.0,0.0,0.0,0.0,0.0,0.0,1,13.542427347526367
gpt-4.1-mini,scaled_load-12000-2,scaled_load,12000,11931,16,2,IR-021-02,0,0.0,0.0,0.0,0.0,0.0,0.0,0.0,1,13.542427347526367
gpt-4.1-mini,scaled_load-12000-2,scaled_load,12000,11931,16,2,IR-021-03,0,0.0,0.0,0.0,0.0,0.0,0.0,0.0,1,13.542427347526367
gpt-4.1-mini,scaled_load-12000-2,scaled_load,12000,11931,16,2,IR-021-04,0,0.0,0.0,0.0,0.0,0.0,0.0,0.0,1,13.542427347526367
gpt-4.1-mini,scaled_load-12000-2,scaled_load,12000,11931,16,2,IR-021-05,0,0.0,0.0,0.0,0.0,0.0,0.0,0.0,1,13.542427347526367
gpt-4.1-mini,scaled_load-12000-2,scaled_load,12000,11931,16,2,IR-021-06,0,0.0,0.0,0.0,0.0,0.0,0.0,0.0,1,13.542427347526367
gpt-4.1-mini,scaled_load-12000-2,scaled_load,12000,11931,16,2,IR-021-07,0,0.0,0.0,0.0,0.0,0.0,0.0,0.0,1,13.542427347526367
gpt-4.1-mini,scaled_load-12000-2,scaled_load,12000,11931,16,2,IR-021-08,0,0.0,0.0,0.0,0.0,0.0,0.0,0.0,1,13.542427347526367
gpt-4.1-mini,scaled_load-12000-2,scaled_load,12000,11931,16,2,IR-021-09,0,0.0,0.0,0.0,0.0,0.0,0.0,0.0,1,13.542427347526367
gpt-4.1-mini,scaled_load-12000-2,scaled_load,12000,11931,16,2,IR-021-10,0,0.0,0.0,0.0,0.0,0.0,0.0,0.0,1,13.542427347526367
gpt-4.1-mini,scaled_load-12000-2,scaled_load,12000,11931,16,2,IR-021-11,0,0.0,0.0,0.0,0.0,0.0,0.0,0.0,1,13.542427347526367
gpt-4.1-mini,scaled_load-12000-2,scaled_load,12000,11931,16,2,IR-021-12,0,0.0,0.0,0.0,0.0,0.0,0.0,0.0,1,13.542427347526367
gpt-4.1-mini,scaled_load-12000-2,scaled_load,12000,11931,16,2,IR-021-13,0,0.0,0.0,0.0,0.0,0.0,0.0,0.0,1,13.542427347526367
gpt-4.1-mini,scaled_load-12000-2,scaled_load,12000,11931,16,2,IR-021-14,0,0.0,0.0,0.0,0.0,0.0,0.0,0.0,1,13.542427347526367
gpt-4.1-mini,scaled_load-12000-2,scaled_load,12000,11931,16,2,IR-021-15,0,0.0,0.0,0.0,0.0,0.0,0.0,0.0,1,13.542427347526367
gpt-4.1-mini,scaled_load-12000-2,scaled_load,12000,11931,16,2,IR-021-16,0,0.0,0.0,0.0,0.0,0.0,0.0,0.0,1,13.542427347526367
gpt-4.1-mini,scaled_load-24000-0,scaled_load,24000,23931,32,0,IR-022-01,0,0.0,0.0,0.0,0.0,0.0,0.0,0.0,1,14.54659306329998
gpt-4.1-mini,scaled_load-24000-0,scaled_load,24000,23931,32,0,IR-022-02,0,0.0,0.0,0.0,0.0,0.0,0.0,0.0,1,14.54659306329998
gpt-4.1-mini,scaled_load-24000-0,scaled_load,24000,23931,32,0,IR-022-03,0,0.0,0.0,0.0,0.0,0.0,0.0,0.0,1,14.54659306329998
gpt-4.1-mini,scaled_load-24000-0,scaled_load,24000,23931,32,0,IR-022-04,0,0.0,0.0,0.0,0.0,0.0,0.0,0.0,1,14.54659306329998
gpt-4.1-mini,scaled_load-24000-0,scaled_load,24000,23931,32,0,IR-022-05,0,0.0,0.0,0.0,0.0,0.0,0.0,0.0,1,14.54659306329998
gpt-4.1-mini,scaled_load-24000-0,scaled_load,24000,23931,32,0,IR-022-06,0,0.0,0.0,0.0,0.0,0.0,0.0,0.0,1,14.54659306329998
gpt-4.1-mini,scaled_load-24000-0,scaled_load,24000,23931,32,0,IR-022-07,0,0.0,0.0,0.0,0.0,0.0,0.0,0.0,1,14.54659306329998
gpt-4.1-mini,scaled_load-24000-0,scaled_load,24000,23931,32,0,IR-022-08,0,0.0,0.0,0.0,0.0,0.0,0.0,0.0,1,14.54659306329998
gpt-4.1-mini,scaled_load-24000-0,scaled_load,24000,23931,32,0,IR-022-09,0,0.0,0.0,0.0,0.0,0.0,0.0,0.0,1,14.54659306329998
gpt-4.1-mini,scaled_load-24000-0,scaled_load,24000,23931,32,0,IR-022-10,0,0.0,0.0,0.0,0.0,0.0,0.0,0.0,1,14.54659306329998
gpt-4.1-mini,scaled_load-24000-0,scaled_load,24000,23931,32,0,IR-022-11,0,0.0,0.0,0.0,0.0,0.0,0.0,0.0,1,14.54659306329998
gpt-4.1-mini,scaled_load-24000-0,scaled_load,24000,23931,32,0,IR-022-12,0,0.0,0.0,0.0,0.0,0.0,0.0,0.0,1,14.54659306329998
gpt-4.1-mini,scaled_load-24000-0,scaled_load,24000,23931,32,0,IR-022-13,0,0.0,0.0,0.0,0.0,0.0,0.0,0.0,1,14.54659306329998
gpt-4.1-mini,scaled_load-24000-0,scaled_load,24000,23931,32,0,IR-022-14,0,0.0,0.0,0.0,0.0,0.0,0.0,0.0,1,14.54659306329998
gpt-4.1-mini,scaled_load-24000-0,scaled_load,24000,23931,32,0,IR-022-15,0,0.0,0.0,0.0,0.0,0.0,0.0,0.0,1,14.54659306329998
gpt-4.1-mini,scaled_load-24000-0,scaled_load,24000,23931,32,0,IR-022-16,0,0.0,0.0,0.0,0.0,0.0,0.0,0.0,1,14.54659306329998
gpt-4.1-mini,scaled_load-24000-0,scaled_load,24000,23931,32,0,IR-022-17,0,0.0,0.0,0.0,0.0,0.0,0.0,0.0,1,14.54659306329998
gpt-4.1-mini,scaled_load-24000-0,scaled_load,24000,23931,32,0,IR-022-18,0,0.0,0.0,0.0,0.0,0.0,0.0,0.0,1,14.54659306329998
gpt-4.1-mini,scaled_load-24000-0,scaled_load,24000,23931,32,0,IR-022-19,0,0.0,0.0,0.0,0.0,0.0,0.0,0.0,1,14.54659306329998
gpt-4.1-mini,scaled_load-24000-0,scaled_load,24000,23931,32,0,IR-022-20,0,0.0,0.0,0.0,0.0,0.0,0.0,0.0,1,14.54659306329998
gpt-4.1-mini,scaled_load-24000-0,scaled_load,24000,23931,32,0,IR-022-21,0,0.0,0.0,0.0,0.0,0.0,0.0,0.0,1,14.54659306329998
gpt-4.1-mini,scaled_load-24000-0,scaled_load,24000,23931,32,0,IR-022-22,0,0.0,0.0,0.0,0.0,0.0,0.0,0.0,1,14.54659306329998
gpt-4.1-mini,scaled_load-24000-0,scaled_load,24000,23931,32,0,IR-022-23,0,0.0,0.0,0.0,0.0,0.0,0.0,0.0,1,14.54659306329998
gpt-4.1-mini,scaled_load-24000-0,scaled_load,24000,23931,32,0,IR-022-24,0,0.0,0.0,0.0,0.0,0.0,0.0,0.0,1,14.54659306329998
gpt-4.1-mini,scaled_load-24000-0,scaled_load,24000,23931,32,0,IR-022-25,0,0.0,0.0,0.0,0.0,0.0,0.0,0.0,1,14.54659306329998
gpt-4.1-mini,scaled_load-24000-0,scaled_load,24000,23931,32,0,IR-022-26,0,0.0,0.0,0.0,0.0,0.0,0.0,0.0,1,14.54659306329998
gpt-4.1-mini,scaled_load-24000-0,scaled_load,24000,23931,32,0,IR-022-27,0,0.0,0.0,0.0,0.0,0.0,0.0,0.0,1,14.54659306329998
gpt-4.1-mini,scaled_load-24000-0,scaled_load,24000,23931,32,0,IR-022-28,0,0.0,0.0,0.0,0.0,0.0,0.0,0.0,1,14.54659306329998
gpt-4.1-mini,scaled_load-24000-0,scaled_load,24000,23931,32,0,IR-022-29,0,0.0,0.0,0.0,0.0,0.0,0.0,0.0,1,14.54659306329998
gpt-4.1-mini,scaled_load-24000-0,scaled_load,24000,23931,32,0,IR-022-30,0,0.0,0.0,0.0,0.0,0.0,0.0,0.0,1,14.54659306329998
gpt-4.1-mini,scaled_load-24000-0,scaled_load,24000,23931,32,0,IR-022-31,0,0.0,0.0,0.0,0.0,0.0,0.0,0.0,1,14.54659306329998
gpt-4.1-mini,scaled_load-24000-0,scaled_load,24000,23931,32,0,IR-022-32,0,0.0,0.0,0.0,0.0,0.0,0.0,0.0,1,14.54659306329998
gpt-4.1-mini,scaled_load-24000-1,scaled_load,24000,23943,32,1,IR-023-01,0,0.0,0.0,0.0,0.0,0.0,0.0,0.0,1,14.54731630935643
gpt-4.1-mini,scaled_load-24000-1,scaled_load,24000,23943,32,1,IR-023-02,0,0.0,0.0,0.0,0.0,0.0,0.0,0.0,1,14.54731630935643
gpt-4.1-mini,scaled_load-24000-1,scaled_load,24000,23943,32,1,IR-023-03,0,0.0,0.0,0.0,0.0,0.0,0.0,0.0,1,14.54731630935643
gpt-4.1-mini,scaled_load-24000-1,scaled_load,24000,23943,32,1,IR-023-04,0,0.0,0.0,0.0,0.0,0.0,0.0,0.0,1,14.54731630935643
gpt-4.1-mini,scaled_load-24000-1,scaled_load,24000,23943,32,1,IR-023-05,0,0.0,0.0,0.0,0.0,0.0,0.0,0.0,1,14.54731630935643
gpt-4.1-mini,scaled_load-24000-1,scaled_load,24000,23943,32,1,IR-023-06,0,0.0,0.0,0.0,0.0,0.0,0.0,0.0,1,14.54731630935643
gpt-4.1-mini,scaled_load-24000-1,scaled_load,24000,23943,32,1,IR-023-07,0,0.0,0.0,0.0,0.0,0.0,0.0,0.0,1,14.54731630935643
gpt-4.1-mini,scaled_load-24000-1,scaled_load,24000,23943,32,1,IR-023-08,0,0.0,0.0,0.0,0.0,0.0,0.0,0.0,1,14.54731630935643
gpt-4.1-mini,scaled_load-24000-1,scaled_load,24000,23943,32,1,IR-023-09,0,0.0,0.0,0.0,0.0,0.0,0.0,0.0,1,14.54731630935643
gpt-4.1-mini,scaled_load-24000-1,scaled_load,24000,23943,32,1,IR-023-10,0,0.0,0.0,0.0,0.0,0.0,0.0,0.0,1,14.54731630935643
gpt-4.1-mini,scaled_load-24000-1,scaled_load,24000,23943,32,1,IR-023-11,0,0.0,0.0,0.0,0.0,0.0,0.0,0.0,1,14.54731630935643
gpt-4.1-mini,scaled_load-24000-1,scaled_load,24000,23943,32,1,IR-023-12,0,0.0,0.0,0.0,0.0,0.0,0.0,0.0,1,14.54731630935643
gpt-4.1-mini,scaled_load-24000-1,scaled_load,24000,23943,32,1,IR-023-13,0,0.0,0.0,0.0,0.0,0.0,0.0,0.0,1,14.54731630935643
gpt-4.1-mini,scaled_load-24000-1,scaled_load,24000,23943,32,1,IR-023-14,0,0.0,0.0,0.0,0.0,0.0,0.0,0.0,1,14.54731630935643
gpt-4.1-mini,scaled_load-24000-1,scaled_load,24000,23943,32,1,IR-023-15,0,0.0,0.0,0.0,0.0,0.0,0.0,0.0,1,14.54731630935643
gpt-4.1-mini,scaled_load-24000-1,scaled_load,24000,23943,32,1,IR-023-16,0,0.0,0.0,0.0,0.0,0.0,0.0,0.0,1,14.54731630935643
gpt-4.1-mini,scaled_load-24000-1,scaled_load,24000,23943,32,1,IR-023-17,0,0.0,0.0,0.0,0.0,0.0,0.0,0.0,1,14.54731630935643
gpt-4.1-mini,scaled_load-24000-1,scaled_load,24000,23943,32,1,IR-023-18,0,0.0,0.0,0.0,0.0,0.0,0.0,0.0,1,14.54731630935643
gpt-4.1-mini,scaled_load-24000-1,scaled_load,24000,23943,32,1,IR-023-19,0,0.0,0.0,0.0,0.0,0.0,0.0,0.0,1,14.54731630935643
gpt-4.1-mini,scaled_load-24000-1,scaled_load,24000,23943,32,1,IR-023-20,0,0.0,0.0,0.0,0.0,0.0,0.0,0.0,1,14.54731630935643
gpt-4.1-mini,scaled_load-24000-1,scaled_load,24000,23943,32,1,IR-023-21,0,0.0,0.0,0.0,0.0,0.0,0.0,0.0,1,14.54731630935643
gpt-4.1-mini,scaled_load-24000-1,scaled_load,24000,23943,32,1,IR-023-22,0,0.0,0.0,0.0,0.0,0.0,0.0,0.0,1,14.54731630935643
gpt-4.1-mini,scaled_load-24000-1,scaled_load,24000,23943,32,1,IR-023-23,0,0.0,0.0,0.0,0.0,0.0,0.0,0.0,1,14.54731630935643
gpt-4.1-mini,scaled_load-24000-1,scaled_load,24000,23943,32,1,IR-023-24,0,0.0,0.0,0.0,0.0,0.0,0.0,0.0,1,14.54731630935643
gpt-4.1-mini,scaled_load-24000-1,scaled_load,24000,23943,32,1,IR-023-25,0,0.0,0.0,0.0,0.0,0.0,0.0,0.0,1,14.54731630935643
gpt-4.1-mini,scaled_load-24000-1,scaled_load,24000,23943,32,1,IR-023-26,0,0.0,0.0,0.0,0.0,0.0,0.0,0.0,1,14.54731630935643
gpt-4.1-mini,scaled_load-24000-1,scaled_load,24000,23943,32,1,IR-023-27,0,0.0,0.0,0.0,0.0,0.0,0.0,0.0,1,14.54731630935643
gpt-4.1-mini,scaled_load-24000-1,scaled_load,24000,23943,32,1,IR-023-28,0,0.0,0.0,0.0,0.0,0.0,0.0,0.0,1,14.54731630935643
gpt-4.1-mini,scaled_load-24000-1,scaled_load,24000,23943,32,1,IR-023-29,0,0.0,0.0,0.0,0.0,0.0,0.0,0.0,1,14.54731630935643
gpt-4.1-mini,scaled_load-24000-1,scaled_load,24000,23943,32,1,IR-023-30,0,0.0,0.0,0.0,0.0,0.0,0.0,0.0,1,14.54731630935643
gpt-4.1-mini,scaled_load-24000-1,scaled_load,24000,23943,32,1,IR-023-31,0,0.0,0.0,0.0,0.0,0.0,0.0,0.0,1,14.54731630935643
gpt-4.1-mini,scaled_load-24000-1,scaled_load,24000,23943,32,1,IR-023-32,0,0.0,0.0,0.0,0.0,0.0,0.0,0.0,1,14.54731630935643
gpt-4.1-mini,scaled_load-24000-2,scaled_load,24000,23933,32,2,IR-024-01,0,0.0,0.0,0.0,0.0,0.0,0.0,0.0,1,14.546713629490998
gpt-4.1-mini,scaled_load-24000-2,scaled_load,24000,23933,32,2,IR-024-02,0,0.0,0.0,0.0,0.0,0.0,0.0,0.0,1,14.546713629490998
gpt-4.1-mini,scaled_load-24000-2,scaled_load,24000,23933,32,2,IR-024-03,0,0.0,0.0,0.0,0.0,0.0,0.0,0.0,1,14.546713629490998
gpt-4.1-mini,scaled_load-24000-2,scaled_load,24000,23933,32,2,IR-024-04,0,0.0,0.0,0.0,0.0,0.0,0.0,0.0,1,14.546713629490998
gpt-4.1-mini,scaled_load-24000-2,scaled_load,24000,23933,32,2,IR-024-05,0,0.0,0.0,0.0,0.0,0.0,0.0,0.0,1,14.546713629490998
gpt-4.1-mini,scaled_load-24000-2,scaled_load,24000,23933,32,2,IR-024-06,0,0.0,0.0,0.0,0.0,0.0,0.0,0.0,1,14.546713629490998
gpt-4.1-mini,scaled_load-24000-2,scaled_load,24000,23933,32,2,IR-024-07,0,0.0,0.0,0.0,0.0,0.0,0.0,0.0,1,14.546713629490998
gpt-4.1-mini,scaled_load-24000-2,scaled_load,24000,23933,32,2,IR-024-08,0,0.0,0.0,0.0,0.0,0.0,0.0,0.0,1,14.546713629490998
gpt-4.1-mini,scaled_load-24000-2,scaled_load,24000,23933,32,2,IR-024-09,0,0.0,0.0,0.0,0.0,0.0,0.0,0.0,1,14.546713629490998
gpt-4.1-mini,scaled_load-24000-2,scaled_load,24000,23933,32,2,IR-024-10,0,0.0,0.0,0.0,0.0,0.0,0.0,0.0,1,14.546713629490998
gpt-4.1-mini,scaled_load-24000-2,scaled_load,24000,23933,32,2,IR-024-11,0,0.0,0.0,0.0,0.0,0.0,0.0,0.0,1,14.546713629490998
gpt-4.1-mini,scaled_load-24000-2,scaled_load,24000,23933,32,2,IR-024-12,0,0.0,0.0,0.0,0.0,0.0,0.0,0.0,1,14.546713629490998
gpt-4.1-mini,scaled_load-24000-2,scaled_load,24000,23933,32,2,IR-024-13,0,0.0,0.0,0.0,0.0,0.0,0.0,0.0,1,14.546713629490998
gpt-4.1-mini,scaled_load-24000-2,scaled_load,24000,23933,32,2,IR-024-14,0,0.0,0.0,0.0,0.0,0.0,0.0,0.0,1,14.546713629490998
gpt-4.1-mini,scaled_load-24000-2,scaled_load,24000,23933,32,2,IR-024-15,0,0.0,0.0,0.0,0.0,0.0,0.0,0.0,1,14.546713629490998
gpt-4.1-mini,scaled_load-24000-2,scaled_load,24000,23933,32,2,IR-024-16,0,0.0,0.0,0.0,0.0,0.0,0.0,0.0,1,14.546713629490998
gpt-4.1-mini,scaled_load-24000-2,scaled_load,24000,23933,32,2,IR-024-17,0,0.0,0.0,0.0,0.0,0.0,0.0,0.0,1,14.546713629490998
gpt-4.1-mini,scaled_load-24000-2,scaled_load,24000,23933,32,2,IR-024-18,0,0.0,0.0,0.0,0.0,0.0,0.0,0.0,1,14.546713629490998
gpt-4.1-mini,scaled_load-24000-2,scaled_load,24000,23933,32,2,IR-024-19,0,0.0,0.0,0.0,0.0,0.0,0.0,0.0,1,14.546713629490998
gpt-4.1-mini,scaled_load-24000-2,scaled_load,24000,23933,32,2,IR-024-20,0,0.0,0.0,0.0,0.0,0.0,0.0,0.0,1,14.546713629490998
gpt-4.1-mini,scaled_load-24000-2,scaled_load,24000,23933,32,2,IR-024-21,0,0.0,0.0,0.0,0.0,0.0,0.0,0.0,1,14.546713629490998
gpt-4.1-mini,scaled_load-24000-2,scaled_load,24000,23933,32,2,IR-024-22,0,0.0,0.0,0.0,0.0,0.0,0.0,0.0,1,14.546713629490998
gpt-4.1-mini,scaled_load-24000-2,scaled_load,24000,23933,32,2,IR-024-23,0,0.0,0.0,0.0,0.0,0.0,0.0,0.0,1,14.546713629490998
gpt-4.1-mini,scaled_load-24000-2,scaled_load,24000,23933,32,2,IR-024-24,0,0.0,0.0,0.0,0.0,0.0,0.0,0.0,1,14.546713629490998
gpt-4.1-mini,scaled_load-24000-2,scaled_load,24000,23933,32,2,IR-024-25,0,0.0,0.0,0.0,0.0,0.0,0.0,0.0,1,14.546713629490998
gpt-4.1-mini,scaled_load-24000-2,scaled_load,24000,23933,32,2,IR-024-26,0,0.0,0.0,0.0,0.0,0.0,0.0,0.0,1,14.546713629490998
gpt-4.1-mini,scaled_load-24000-2,scaled_load,24000,23933,32,2,IR-024-27,0,0.0,0.0,0.0,0.0,0.0,0.0,0.0,1,14.546713629490998
gpt-4.1-mini,scaled_load-24000-2,scaled_load,24000,23933,32,2,IR-024-28,0,0.0,0.0,0.0,0.0,0.0,0.0,0.0,1,14.546713629490998
gpt-4.1-mini,scaled_load-24000-2,scaled_load,24000,23933,32,2,IR-024-29,0,0.0,0.0,0.0,0.0,0.0,0.0,0.0,1,14.546713629490998
gpt-4.1-mini,scaled_load-24000-2,scaled_load,24000,23933,32,2,IR-024-30,0,0.0,0.0,0.0,0.0,0.0,0.0,0.0,1,14.546713629490998
gpt-4.1-mini,scaled_load-24000-2,scaled_load,24000,23933,32,2,IR-024-31,0,0.0,0.0,0.0,0.0,0.0,0.0,0.0,1,14.546713629490998
gpt-4.1-mini,scaled_load-24000-2,scaled_load,24000,23933,32,2,IR-024-32,0,0.0,0.0,0.0,0.0,0.0,0.0,0.0,1,14.546713629490998
gpt-5-mini,fixed_load-2000-0,fixed_load,2000,1928,10,0,IR-001-01,0,0.0,0.0,0.0,0.0,0.0,0.0,0.0,1,10.912889336229961
gpt-5-mini,fixed_load-2000-0,fixed_load,2000,1928,10,0,IR-001-02,0,0.0,0.0,0.0,0.0,0.0,0.0,0.0,1,10.912889336229961
gpt-5-mini,fixed_load-2000-0,fixed_load,2000,1928,10,0,IR-001-03,0,0.0,0.0,0.0,0.0,0.0,0.0,0.0,1,10.912889336229961
gpt-5-mini,fixed_load-2000-0,fixed_load,2000,1928,10,0,IR-001-04,0,0.0,0.0,0.0,0.0,0.0,0.0,0.0,1,10.912889336229961
gpt-5-mini,fixed_load-2000-0,fixed_load,2000,1928,10,0,IR-001-05,0,0.0,0.0,0.0,0.0,0.0,0.0,0.0,1,10.912889336229961
gpt-5-mini,fixed_load-2000-0,fixed_load,2000,1928,10,0,IR-001-06,0,0.0,0.0,0.0,0.0,0.0,0.0,0.0,1,10.912889336229961
gpt-5-mini,fixed_load-2000-0,fixed_load,2000,1928,10,0,IR-001-07,0,0.0,0.0,0.0,0.0,0.0,0.0,0.0,1,10.912889336229961
gpt-5-mini,fixed_load-2000-0,fixed_load,2000,1928,10,0,IR-001-08,0,0.0,0.0,0.0,0.0,0.0,0.0,0.0,1,10.912889336229961
gpt-5-mini,fixed_load-2000-0,fixed_load,2000,1928,10,0,IR-001-09,0,0.0,0.0,0.0,0.0,0.0,0.0,0.0,1,10.912889336229961
gpt-5-mini,fixed_load-2000-0,fixed_load,2000,1928,10,0,IR-001-10,0,0.0,0.0,0.0,0.0,0.0,0.0,0.0,1,10.912889336229961
gpt-5-mini,fixed_load-2000-1,fixed_load,2000,1932,10,1,IR-002-01,0,0.0,0.0,0.0,0.0,0.0,0.0,0.0,1,10.915879378835774
gpt-5-mini,fixed_load-2000-1,fixed_load,2000,1932,10,1,IR-002-02,0,0.0,0.0,0.0,0.0,0.0,0.0,0.0,1,10.915879378835774
gpt-5-mini,fixed_load-2000-1,fixed_load,2000,1932,10,1,IR-002-03,0,0.0,0.0,0.0,0.0,0.0,0.0,0.0,1,10.915879378835774
gpt-5-mini,fixed_load-2000-1,fixed_load,2000,1932,10,1,IR-002-04,0,0.0,0.0,0.0,0.0,0.0,0.0,0.0,1,10.915879378835774
gpt-5-mini,fixed_load-2000-1,fixed_load,2000,1932,10,1,IR-002-05,0,0.0,0.0,0.0,0.0,0.0,0.0,0.0,1,10.915879378835774
gpt-5-mini,fixed_load-2000-1,fixed_load,2000,1932,10,1,IR-002-06,0,0.0,0.0,0.0,0.0,0.0,0.0,0.0,1,10.915879378835774
gpt-5-mini,fixed_load-2000-1,fixed_load,2000,1932,10,1,IR-002-07,0,0.0,0.0,0.0,0.0,0.0,0.0,0.0,1,10.915879378835774
gpt-5-mini,fixed_load-2000-1,fixed_load,2000,1932,10,1,IR-002-08,0,0.0,0.0,0.0,0.0,0.0,0.0,0.0,1,10.915879378835774
gpt-5-mini,fixed_load-2000-1,fixed_load,2000,1932,10,1,IR-002-09,0,0.0,0.0,0.0,0.0,0.0,0.0,0.0,1,10.915879378835774
gpt-5-mini,fixed_load-2000-1,fixed_load,2000,1932,10,1,IR-002-10,0,0.0,0.0,0.0,0.0,0.0,0.0,0.0,1,10.915879378835774
gpt-5-mini,fixed_load-2000-2,fixed_load,2000,1929,10,2,IR-003-01,0,0.0,0.0,0.0,0.0,0.0,0.0,0.0,1,10.913637428049103
gpt-5-mini,fixed_load-2000-2,fixed_load,2000,1929,10,2,IR-003-02,0,0.0,0.0,0.0,0.0,0.0,0.0,0.0,1,10.913637428049103
gpt-5-mini,fixed_load-2000-2,fixed_load,2000,1929,10,2,IR-003-03,0,0.0,0.0,0.0,0.0,0.0,0.0,0.0,1,10.913637428049103
gpt-5-mini,fixed_load-2000-2,fixed_load,2000,1929,10,2,IR-003-04,0,0.0,0.0,0.0,0.0,0.0,0.0,0.0,1,10.913637428049103
gpt-5-mini,fixed_load-2000-2,fixed_load,2000,1929,10,2,IR-003-05,0,0.0,0.0,0.0,0.0,0.0,0.0,0.0,1,10.913637428049103
gpt-5-mini,fixed_load-2000-2,fixed_load,2000,1929,10,2,IR-003-06,0,0.0,0.0,0.0,0.0,0.0,0.0,0.0,1,10.913637428049103
gpt-5-mini,fixed_load-2000-2,fixed_load,2000,1929,10,2,IR-003-07,0,0.0,0.0,0.0,0.0,0.0,0.0,0.0,1,10.913637428049103
gpt-5-mini,fixed_load-2000-2,fixed_load,2000,1929,10,2,IR-003-08,0,0.0,0.0,0.0,0.0,0.0,0.0,0.0,1,10.913637428049103
gpt-5-mini,fixed_load-2000-2,fixed_load,2000,1929,10,2,IR-003-09,0,0.0,0.0,0.0,0.0,0.0,0.0,0.0,1,10.913637428049103
gpt-5-mini,fixed_load-2000-2,fixed_load,2000,1929,10,2,IR-003-10,0,0.0,0.0,0.0,0.0,0.0,0.0,0.0,1,10.913637428049103
gpt-5-mini,fixed_load-6000-0,fixed_load,6000,5928,10,0,IR-004-01,0,0.0,0.0,0.0,0.0,0.0,0.0,0.0,1,12.533329732305834
gpt-5-mini,fixed_load-6000-0,fixed_load,6000,5928,10,0,IR-004-02,0,0.0,0.0,0.0,0.0,0.0,0.0,0.0,1,12.533329732305834
gpt-5-mini,fixed_load-6000-0,fixed_load,6000,5928,10,0,IR-004-03,0,0.0,0.0,0.0,0.0,0.0,0.0,0.0,1,12.533329732305834
gpt-5-mini,fixed_load-6000-0,fixed_load,6000,5928,10,0,IR-004-04,0,0.0,0.0,0.0,0.0,0.0,0.0,0.0,1,12.533329732305834
gpt-5-mini,fixed_load-6000-0,fixed_load,6000,5928,10,0,IR-004-05,0,0.0,0.0,0.0,0.0,0.0,0.0,0.0,1,12.533329732305834
gpt-5-mini,fixed_load-6000-0,fixed_load,6000,5928,10,0,IR-004-06,0,0.0,0.0,0.0,0.0,0.0,0.0,0.0,1,12.533329732305834
gpt-5-mini,fixed_load-6000-0,fixed_load,6000,5928,10,0,IR-004-07,0,0.0,0.0,0.0,0.0,0.0,0.0,0.0,1,12.533329732305834
gpt-5-mini,fixed_load-6000-0,fixed_load,6000,5928,10,0,IR-004-08,0,0.0,0.0,0.0,0.0,0.0,0.0,0.0,1,12.533329732305834
gpt-5-mini,fixed_load-6000-0,fixed_load,6000,5928,10,0,IR-004-09,0,0.0,0.0,0.0,0.0,0.0,0.0,0.0,1,12.533329732305834
gpt-5-mini,fixed_load-6000-0,fixed_load,6000,5928,10,0,IR-004-10,0,0.0,0.0,0.0,0.0,0.0,0.0,0.0,1,12.533329732305834
gpt-5-mini,fixed_load-6000-1,fixed_load,6000,5928,10,1,IR-005-01,0,0.0,0.0,0.0,0.0,0.0,0.0,0.0,1,12.533329732305834
gpt-5-mini,fixed_load-6000-1,fixed_load,6000,5928,10,1,IR-005-02,0,0.0,0.0,0.0,0.0,0.0,0.0,0.0,1,12.533329732305834
gpt-5-mini,fixed_load-6000-1,fixed_load,6000,5928,10,1,IR-005-03,0,0.0,0.0,0.0,0.0,0.0,0.0,0.0,1,12.533329732305834
gpt-5-mini,fixed_load-6000-1,fixed_load,6000,5928,10,1,IR-005-04,0,0.0,0.0,0.0,0.0,0.0,0.0,0.0,1,12.533329732305834
gpt-5-mini,fixed_load-6000-1,fixed_load,6000,5928,10,1,IR-005-05,0,0.0,0.0,0.0,0.0,0.0,0.0,0.0,1,12.533329732305834
gpt-5-mini,fixed_load-6000-1,fixed_load,6000,5928,10,1,IR-005-06,0,0.0,0.0,0.0,0.0,0.0,0.0,0.0,1,12.533329732305834
gpt-5-mini,fixed_load-6000-1,fixed_load,6000,5928,10,1,IR-005-07,0,0.0,0.0,0.0,0.0,0.0,0.0,0.0,1,12.533329732305834
gpt-5-mini,fixed_load-6000-1,fixed_load,6000,5928,10,1,IR-005-08,0,0.0,0.0,0.0,0.0,0.0,0.0,0.0,1,12.533329732305834
gpt-5-mini,fixed_load-6000-1,fixed_load,6000,5928,10,1,IR-005-09,0,0.0,0.0,0.0,0.0,0.0,0.0,0.0,1,12.533329732305834
gpt-5-mini,fixed_load-6000-1,fixed_load,6000,5928,10,1,IR-005-10,0,0.0,0.0,0.0,0.0,0.0,0.0,0.0,1,12.533329732305834
gpt-5-mini,fixed_load-6000-2,fixed_load,6000,5924,10,2,IR-006-01,0,0.0,0.0,0.0,0.0,0.0,0.0,0.0,1,12.532355925288847
gpt-5-mini,fixed_load-6000-2,fixed_load,6000,5924,10,2,IR-006-02,0,0.0,0.0,0.0,0.0,0.0,0.0,0.0,1,12.532355925288847
gpt-5-mini,fixed_load-6000-2,fixed_load,6000,5924,10,2,IR-006-03,0,0.0,0.0,0.0,0.0,0.0,0.0,0.0,1,12.532355925288847
gpt-5-mini,fixed_load-6000-2,fixed_load,6000,5924,10,2,IR-006-04,0,0.0,0.0,0.0,0.0,0.0,0.0,0.0,1,12.532355925288847
gpt-5-mini,fixed_load-6000-2,fixed_load,6000,5924,10,2,IR-006-05,0,0.0,0.0,0.0,0.0,0.0,0.0,0.0,1,12.532355925288847
gpt-5-mini,fixed_load-6000-2,fixed_load,6000,5924,10,2,IR-006-06,0,0.0,0.0,0.0,0.0,0.0,0.0,0.0,1,12.532355925288847
gpt-5-mini,fixed_load-6000-2,fixed_load,6000,5924,10,2,IR-006-07,0,0.0,0.0,0.0,0.0,0.0,0.0,0.0,1,12.532355925288847
gpt-5-mini,fixed_load-6000-2,fixed_load,6000,5924,10,2,IR-006-08,0,0.0,0.0,0.0,0.0,0.0,0.0,0.0,1,12.532355925288847
gpt-5-mini,fixed_load-6000-2,fixed_load,6000,5924,10,2,IR-006-09,0,0.0,0.0,0.0,0.0,0.0,0.0,0.0,1,12.532355925288847
gpt-5-mini,fixed_load-6000-2,fixed_load,6000,5924,10,2,IR-006-10,0,0.0,0.0,0.0,0.0,0.0,0.0,0.0,1,12.532355925288847
gpt-5-mini,fixed_load-12000-0,fixed_load,12000,11925,10,0,IR-007-01,0,0.0,0.0,0.0,0.0,0.0,0.0,0.0,1,13.541701645780236
gpt-5-mini,fixed_load-12000-0,fixed_load,12000,11925,10,0,IR-007-02,0,0.0,0.0,0.0,0.0,0.0,0.0,0.0,1,13.541701645780236
gpt-5-mini,fixed_load-12000-0,fixed_load,12000,11925,10,0,IR-007-03,0,0.0,0.0,0.0,0.0,0.0,0.0,0.0,1,13.541701645780236
gpt-5-mini,fixed_load-12000-0,fixed_load,12000,11925,10,0,IR-007-04,0,0.0,0.0,0.0,0.0,0.0,0.0,0.0,1,13.541701645780236
gpt-5-mini,fixed_load-12000-0,fixed_load,12000,11925,10,0,IR-007-05,0,0.0,0.0,0.0,0.0,0.0,0.0,0.0,1,13.541701645780236
gpt-5-mini,fixed_load-12000-0,fixed_load,12000,11925,10,0,IR-007-06,0,0.0,0.0,0.0,0.0,0.0,0.0,0.0,1,13.541701645780236
gpt-5-mini,fixed_load-12000-0,fixed_load,12000,11925,10,0,IR-007-07,0,0.0,0.0,0.0,0.0,0.0,0.0,0.0,1,13.541701645780236
gpt-5-mini,fixed_load-12000-0,fixed_load,12000,11925,10,0,IR-007-08,0,0.0,0.0,0.0,0.0,0.0,0.0,0.0,1,13.541701645780236
gpt-5-mini,fixed_load-12000-0,fixed_load,12000,11925,10,0,IR-007-09,0,0.0,0.0,0.0,0.0,0.0,0.0,0.0,1,13.541701645780236
gpt-5-mini,fixed_load-12000-0,fixed_load,12000,11925,10,0,IR-007-10,0,0.0,0.0,0.0,0.0,0.0,0.0,0.0,1,13.541701645780236
gpt-5-mini,fixed_load-12000-1,fixed_load,12000,11925,10,1,IR-008-01,0,0.0,0.0,0.0,0.0,0.0,0.0,0.0,1,13.541701645780236
gpt-5-mini,fixed_load-12000-1,fixed_load,12000,11925,10,1,IR-008-02,0,0.0,0.0,0.0,0.0,0.0,0.0,0.0,1,13.541701645780236
gpt-5-mini,fixed_load-12000-1,fixed_load,12000,11925,10,1,IR-008-03,0,0.0,0.0,0.0,0.0,0.0,0.0,0.0,1,13.541701645780236
gpt-5-mini,fixed_load-12000-1,fixed_load,12000,11925,10,1,IR-008-04,0,0.0,0.0,0.0,0.0,0.0,0.0,0.0,1,13.541701645780236
gpt-5-mini,fixed_load-12000-1,fixed_load,12000,11925,10,1,IR-008-05,0,0.0,0.0,0.0,0.0,0.0,0.0,0.0,1,13.541701645780236
gpt-5-mini,fixed_load-12000-1,fixed_load,12000,11925,10,1,IR-008-06,0,0.0,0.0,0.0,0.0,0.0,0.0,0.0,1,13.541701645780236
gpt-5-mini,fixed_load-12000-1,fixed_load,12000,11925,10,1,IR-008-07,0,0.0,0.0,0.0,0.0,0.0,0.0,0.0,1,13.541701645780236
gpt-5-mini,fixed_load-12000-1,fixed_load,12000,11925,10,1,IR-008-08,0,0.0,0.0,0.0,0.0,0.0,0.0,0.0,1,13.541701645780236
gpt-5-mini,fixed_load-12000-1,fixed_load,12000,11925,10,1,IR-008-09,0,0.0,0.0,0.0,0.0,0.0,0.0,0.0,1,13.541701645780236
gpt-5-mini,fixed_load-12000-1,fixed_load,12000,11925,10,1,IR-008-10,0,0.0,0.0,0.0,0.0,0.0,0.0,0.0,1,13.541701645780236
gpt-5-mini,fixed_load-12000-2,fixed_load,12000,11924,10,2,IR-009-01,0,0.0,0.0,0.0,0.0,0.0,0.0,0.0,1,13.541580659991169
gpt-5-mini,fixed_load-12000-2,fixed_load,12000,11924,10,2,IR-009-02,0,0.0,0.0,0.0,0.0,0.0,0.0,0.0,1,13.541580659991169
gpt-5-mini,fixed_load-12000-2,fixed_load,12000,11924,10,2,IR-009-03,0,0.0,0.0,0.0,0.0,0.0,0.0,0.0,1,13.541580659991169
gpt-5-mini,fixed_load-12000-2,fixed_load,12000,11924,10,2,IR-009-04,0,0.0,0.0,0.0,0.0,0.0,0.0,0.0,1,13.541580659991169
gpt-5-mini,fixed_load-12000-2,fixed_load,12000,11924,10,2,IR-009-05,0,0.0,0.0,0.0,0.0,0.0,0.0,0.0,1,13.541580659991169
gpt-5-mini,fixed_load-12000-2,fixed_load,12000,11924,10,2,IR-009-06,0,0.0,0.0,0.0,0.0,0.0,0.0,0.0,1,13.541580659991169
gpt-5-mini,fixed_load-12000-2,fixed_load,12000,11924,10,2,IR-009-07,0,0.0,0.0,0.0,0.0,0.0,0.0,0.0,1,13.541580659991169
gpt-5-mini,fixed_load-12000-2,fixed_load,12000,11924,10,2,IR-009-08,0,0.0,0.0,0.0,0.0,0.0,0.0,0.0,1,13.541580659991169
gpt-5-mini,fixed_load-12000-2,fixed_load,12000,11924,10,2,IR-009-09,0,0.0,0.0,0.0,0.0,0.0,0.0,0.0,1,13.541580659991169
gpt-5-mini,fixed_load-12000-2,fixed_load,12000,11924,10,2,IR-009-10,0,0.0,0.0,0.0,0.0,0.0,0.0,0.0,1,13.541580659991169
gpt-5-mini,fixed_load-24000-0,fixed_load,24000,23917,10,0,IR-010-01,0,0.0,0.0,0.0,0.0,0.0,0.0,0.0,1,14.545748817724457
gpt-5-mini,fixed_load-24000-0,fixed_load,24000,23917,10,0,IR-010-02,0,0.0,0.0,0.0,0.0,0.0,0.0,0.0,1,14.545748817724457
gpt-5-mini,fixed_load-24000-0,fixed_load,24000,23917,10,0,IR-010-03,0,0.0,0.0,0.0,0.0,0.0,0.0,0.0,1,14.545748817724457
gpt-5-mini,fixed_load-24000-0,fixed_load,24000,23917,10,0,IR-010-04,0,0.0,0.0,0.0,0.0,0.0,0.0,0.0,1,14.545748817724457
gpt-5-mini,fixed_load-24000-0,fixed_load,24000,23917,10,0,IR-010-05,0,0.0,0.0,0.0,0.0,0.0,0.0,0.0,1,14.545748817724457
gpt-5-mini,fixed_load-24000-0,fixed_load,24000,23917,10,0,IR-010-06,0,0.0,0.0,0.0,0.0,0.0,0.0,0.0,1,14.545748817724457
gpt-5-mini,fixed_load-24000-0,fixed_load,24000,23917,10,0,IR-010-07,0,0.0,0.0,0.0,0.0,0.0,0.0,0.0,1,14.545748817724457
gpt-5-mini,fixed_load-24000-0,fixed_load,24000,23917,10,0,IR-010-08,0,0.0,0.0,0.0,0.0,0.0,0.0,0.0,1,14.545748817724457
gpt-5-mini,fixed_load-24000-0,fixed_load,24000,23917,10,0,IR-010-09,0,0.0,0.0,0.0,0.0,0.0,0.0,0.0,1,14.545748817724457
gpt-5-mini,fixed_load-24000-0,fixed_load,24000,23917,10,0,IR-010-10,0,0.0,0.0,0.0,0.0,0.0,0.0,0.0,1,14.545748817724457
gpt-5-mini,fixed_load-24000-1,fixed_load,24000,23921,10,1,IR-011-01,0,0.0,0.0,0.0,0.0,0.0,0.0,0.0,1,14.545990081162602
gpt-5-mini,fixed_load-24000-1,fixed_load,24000,23921,10,1,IR-011-02,0,0.0,0.0,0.0,0.0,0.0,0.0,0.0,1,14.545990081162602
gpt-5-mini,fixed_load-24000-1,fixed_load,24000,23921,10,1,IR-011-03,0,0.0,0.0,0.0,0.0,0.0,0.0,0.0,1,14.545990081162602
gpt-5-mini,fixed_load-24000-1,fixed_load,24000,23921,10,1,IR-011-04,0,0.0,0.0,0.0,0.0,0.0,0.0,0.0,1,14.545990081162602
gpt-5-mini,fixed_load-24000-1,fixed_load,24000,23921,10,1,IR-011-05,0,0.0,0.0,0.0,0.0,0.0,0.0,0.0,1,14.545990081162602
gpt-5-mini,fixed_load-24000-1,fixed_load,24000,23921,10,1,IR-011-06,0,0.0,0.0,0.0,0.0,0.0,0.0,0.0,1,14.545990081162602
gpt-5-mini,fixed_load-24000-1,fixed_load,24000,23921,10,1,IR-011-07,0,0.0,0.0,0.0,0.0,0.0,0.0,0.0,1,14.545990081162602
gpt-5-mini,fixed_load-24000-1,fixed_load,24000,23921,10,1,IR-011-08,0,0.0,0.0,0.0,0.0,0.0,0.0,0.0,1,14.545990081162602
gpt-5-mini,fixed_load-24000-1,fixed_load,24000,23921,10,1,IR-011-09,0,0.0,0.0,0.0,0.0,0.0,0.0,0.0,1,14.545990081162602
gpt-5-mini,fixed_load-24000-1,fixed_load,24000,23921,10,1,IR-011-10,0,0.0,0.0,0.0,0.0,0.0,0.0,0.0,1,14.545990081162602
gpt-5-mini,fixed_load-24000-2,fixed_load,24000,23921,10,2,IR-012-01,0,0.0,0.0,0.0,0.0,0.0,0.0,0.0,1,14.545990081162602
gpt-5-mini,fixed_load-24000-2,fixed_load,24000,23921,10,2,IR-012-02,0,0.0,0.0,0.0,0.0,0.0,0.0,0.0,1,14.545990081162602
gpt-5-mini,fixed_load-24000-2,fixed_load,24000,23921,10,2,IR-012-03,0,0.0,0.0,0.0,0.0,0.0,0.0,0.0,1,14.545990081162602
gpt-5-mini,fixed_load-24000-2,fixed_load,24000,23921,10,2,IR-012-04,0,0.0,0.0,0.0,0.0,0.0,0.0,0.0,1,14.545990081162602
gpt-5-mini,fixed_load-24000-2,fixed_load,24000,23921,10,2,IR-012-05,0,0.0,0.0,0.0,0.0,0.0,0.0,0.0,1,14.545990081162602
gpt-5-mini,fixed_load-24000-2,fixed_load,24000,23921,10,2,IR-012-06,0,0.0,0.0,0.0,0.0,0.0,0.0,0.0,1,14.545990081162602
gpt-5-mini,fixed_load-24000-2,fixed_load,24000,23921,10,2,IR-012-07,0,0.0,0.0,0.0,0.0,0.0,0.0,0.0,1,14.545990081162602
gpt-5-mini,fixed_load-24000-2,fixed_load,24000,23921,10,2,IR-012-08,0,0.0,0.0,0.0,0.0,0.0,0.0,0.0,1,14.545990081162602
gpt-5-mini,fixed_load-24000-2,fixed_load,24000,23921,10,2,IR-012-09,0,0.0,0.0,0.0,0.0,0.0,0.0,0.0,1,14.545990081162602
gpt-5-mini,fixed_load-24000-2,fixed_load,24000,23921,10,2,IR-012-10,0,0.0,0.0,0.0,0.0,0.0,0.0,0.0,1,14.545990081162602
gpt-5-mini,scaled_load-2000-0,scaled_load,2000,1924,4,0,IR-013-01,0,0.0,0.0,0.0,0.0,0.0,0.0,0.0,1,10.909893083770042
gpt-5-mini,scaled_load-2000-0,scaled_load,2000,1924,4,0,IR-013-02,0,0.0,0.0,0.0,0.0,0.0,0.0,0.0,1,10.909893083770042
gpt-5-mini,scaled_load-2000-0,scaled_load,2000,1924,4,0,IR-013-03,0,0.0,0.0,0.0,0.0,0.0,0.0,0.0,1,10.909893083770042
gpt-5-mini,scaled_load-2000-0,scaled_load,2000,1924,4,0,IR-013-04,0,0.0,0.0,0.0,0.0,0.0,0.0,0.0,1,10.909893083770042
gpt-5-mini,scaled_load-2000-1,scaled_load,2000,1924,4,1,IR-014-01,0,0.0,0.0,0.0,0.0,0.0,0.0,0.0,1,10.909893083770042
gpt-5-mini,scaled_load-2000-1,scaled_load,2000,1924,4,1,IR-014-02,0,0.0,0.0,0.0,0.0,0.0,0.0,0.0,1,10.909893083770042
gpt-5-mini,scaled_load-2000-1,scaled_load,2000,1924,4,1,IR-014-03,0,0.0,0.0,0.0,0.0,0.0,0.0,0.0,1,10.909893083770042
gpt-5-mini,scaled_load-2000-1,scaled_load,2000,1924,4,1,IR-014-04,0,0.0,0.0,0.0,0.0,0.0,0.0,0.0,1,10.909893083770042
gpt-5-mini,scaled_load-2000-2,scaled_load,2000,1925,4,2,IR-015-01,0,0.0,0.0,0.0,0.0,0.0,0.0,0.0,1,10.910642730469625
gpt-5-mini,scaled_load-2000-2,scaled_load,2000,1925,4,2,IR-015-02,0,0.0,0.0,0.0,0.0,0.0,0.0,0.0,1,10.910642730469625
gpt-5-mini,scaled_load-2000-2,scaled_load,2000,1925,4,2,IR-015-03,0,0.0,0.0,0.0,0.0,0.0,0.0,0.0,1,10.910642730469625
gpt-5-mini,scaled_load-2000-2,scaled_load,2000,1925,4,2,IR-015-04,0,0.0,0.0,0.0,0.0,0.0,0.0,0.0,1,10.910642730469625
gpt-5-mini,scaled_load-6000-0,scaled_load,6000,5923,8,0,IR-016-01,0,0.0,0.0,0.0,0.0,0.0,0.0,0.0,1,12.532112370794998
gpt-5-mini,scaled_load-6000-0,scaled_load,6000,5923,8,0,IR-016-02,0,0.0,0.0,0.0,0.0,0.0,0.0,0.0,1,12.532112370794998
gpt-5-mini,scaled_load-6000-0,scaled_load,6000,5923,8,0,IR-016-03,0,0.0,0.0,0.0,0.0,0.0,0.0,0.0,1,12.532112370794998
gpt-5-mini,scaled_load-6000-0,scaled_load,6000,5923,8,0,IR-016-04,0,0.0,0.0,0.0,0.0,0.0,0.0,0.0,1,12.532112370794998
gpt-5-mini,scaled_load-6000-0,scaled_load,6000,5923,8,0,IR-016-05,0,0.0,0.0,0.0,0.0,0.0,0.0,0.0,1,12.532112370794998
gpt-5-mini,scaled_load-6000-0,scaled_load,6000,5923,8,0,IR-016-06,0,0.0,0.0,0.0,0.0,0.0,0.0,0.0,1,12.532112370794998
gpt-5-mini,scaled_load-6000-0,scaled_load,6000,5923,8,0,IR-016-07,0,0.0,0.0,0.0,0.0,0.0,0.0,0.0,1,12.532112370794998
gpt-5-mini,scaled_load-6000-0,scaled_load,6000,5923,8,0,IR-016-08,0,0.0,0.0,0.0,0.0,0.0,0.0,0.0,1,12.532112370794998
gpt-5-mini,scaled_load-6000-1,scaled_load,6000,5932,8,1,IR-017-01,0,0.0,0.0,0.0,0.0,0.0,0.0,0.0,1,12.53430288245463
gpt-5-mini,scaled_load-6000-1,scaled_load,6000,5932,8,1,IR-017-02,0,0.0,0.0,0.0,0.0,0.0,0.0,0.0,1,12.53430288245463
gpt-5-mini,scaled_load-6000-1,scaled_load,6000,5932,8,1,IR-017-03,0,0.0,0.0,0.0,0.0,0.0,0.0,0.0,1,12.53430288245463
gpt-5-mini,scaled_load-6000-1,scaled_load,6000,5932,8,1,IR-017-04,0,0.0,0.0,0.0,0.0,0.0,0.0,0.0,1,12.53430288245463
gpt-5-mini,scaled_load-6000-1,scaled_load,6000,5932,8,1,IR-017-05,0,0.0,0.0,0.0,0.0,0.0,0.0,0.0,1,12.53430288245463
gpt-5-mini,scaled_load-6000-1,scaled_load,6000,5932,8,1,IR-017-06,0,0.0,0.0,0.0,0.0,0.0,0.0,0.0,1,12.53430288245463
gpt-5-mini,scaled_load-6000-1,scaled_load,6000,5932,8,1,IR-017-07,0,0.0,0.0,0.0,0.0,0.0,0.0,0.0,1,12.53430288245463
gpt-5-mini,scaled_load-6000-1,scaled_load,6000,5932,8,1,IR-017-08,0,0.0,0.0,0.0,0.0,0.0,0.0,0.0,1,12.53430288245463
gpt-5-mini,scaled_load-6000-2,scaled_load,6000,5926,8,2,IR-018-01,0,0.0,0.0,0.0,0.0,0.0,0.0,0.0,1,12.532842910961282
gpt-5-mini,scaled_load-6000-2,scaled_load,6000,5926,8,2,IR-018-02,0,0.0,0.0,0.0,0.0,0.0,0.0,0.0,1,12.532842910961282
gpt-5-mini,scaled_load-6000-2,scaled_load,6000,5926,8,2,IR-018-03,0,0.0,0.0,0.0,0.0,0.0,0.0,0.0,1,12.532842910961282
gpt-5-mini,scaled_load-6000-2,scaled_load,6000,5926,8,2,IR-018-04,0,0.0,0.0,0.0,0.0,0.0,0.0,0.0,1,12.532842910961282
gpt-5-mini,scaled_load-6000-2,scaled_load,6000,5926,8,2,IR-018-05,0,0.0,0.0,0.0,0.0,0.0,0.0,0.0,1,12.532842910961282
gpt-5-mini,scaled_load-6000-2,scaled_load,6000,5926,8,2,IR-018-06,0,0.0,0.0,0.0,0.0,0.0,0.0,0.0,1,12.532842910961282
gpt-5-mini,scaled_load-6000-2,scaled_load,6000,5926,8,2,IR-018-07,0,0.0,0.0,0.0,0.0,0.0,0.0,0.0,1,12.532842910961282
gpt-5-mini,scaled_load-6000-2,scaled_load,6000,5926,8,2,IR-018-08,0,0.0,0.0,0.0,0.0,0.0,0.0,0.0,1,12.532842910961282
gpt-5-mini,scaled_load-12000-0,scaled_load,12000,11931,16,0,IR-019-01,0,0.0,0.0,0.0,0.0,0.0,0.0,0.0,1,13.542427347526367
gpt-5-mini,scaled_load-12000-0,scaled_load,12000,11931,16,0,IR-019-02,0,0.0,0.0,0.0,0.0,0.0,0.0,0.0,1,13.542427347526367
gpt-5-mini,scaled_load-12000-0,scaled_load,12000,11931,16,0,IR-019-03,0,0.0,0.0,0.0,0.0,0.0,0.0,0.0,1,13.542427347526367
gpt-5-mini,scaled_load-12000-0,scaled_load,12000,11931,16,0,IR-019-04,0,0.0,0.0,0.0,0.0,0.0,0.0,0.0,1,13.542427347526367
gpt-5-mini,scaled_load-12000-0,scaled_load,12000,11931,16,0,IR-019-05,0,0.0,0.0,0.0,0.0,0.0,0.0,0.0,1,13.542427347526367
gpt-5-mini,scaled_load-12000-0,scaled_load,12000,11931,16,0,IR-019-06,0,0.0,0.0,0.0,0.0,0.0,0.0,0.0,1,13.542427347526367
gpt-5-mini,scaled_load-12000-0,scaled_load,12000,11931,16,0,IR-019-07,0,0.0,0.0,0.0,0.0,0.0,0.0,0.0,1,13.542427347526367
gpt-5-mini,scaled_load-12000-0,scaled_load,12000,11931,16,0,IR-019-08,0,0.0,0.0,0.0,0.0,0.0,0.0,0.0,1,13.542427347526367
gpt-5-mini,scaled_load-12000-0,scaled_load,12000,11931,16,0,IR-019-09,0,0.0,0.0,0.0,0.0,0.0,0.0,0.0,1,13.542427347526367
gpt-5-mini,scaled_load-12000-0,scaled_load,12000,11931,16,0,IR-019-10,0,0.0,0.0,0.0,0.0,0.0,0.0,0.0,1,13.542427347526367
gpt-5-mini,scaled_load-12000-0,scaled_load,12000,11931,16,0,IR-019-11,0,0.0,0.0,0.0,0.0,0.0,0.0,0.0,1,13.542427347526367
gpt-5-mini,scaled_load-12000-0,scaled_load,12000,11931,16,0,IR-019-12,0,0.0,0.0,0.0,0.0,0.0,0.0,0.0,1,13.542427347526367
gpt-5-mini,scaled_load-12000-0,scaled_load,12000,11931,16,0,IR-019-13,0,0.0,0.0,0.0,0.0,0.0,0.0,0.0,1,13.542427347526367
gpt-5-mini,scaled_load-12000-0,scaled_load,12000,11931,16,0,IR-019-14,0,0.0,0.0,0.0,0.0,0.0,0.0,0.0,1,13.542427347526367
gpt-5-mini,scaled_load-12000-0,scaled_load,12000,11931,16,0,IR-019-15,0,0.0,0.0,0.0,0.0,0.0,0.0,0.0,1,13.542427347526367
gpt-5-mini,scaled_load-12000-0,scaled_load,12000,11931,16,0,IR-019-16,0,0.0,0.0,0.0,0.0,0.0,0.0,0.0,1,13.542427347526367
gpt-5-mini,scaled_load-12000-1,scaled_load,12000,11933,16,1,IR-020-01,0,0.0,0.0,0.0,0.0,0.0,0.0,0.0,1,13.542669167010825
gpt-5-mini,scaled_load-12000-1,scaled_load,12000,11933,16,1,IR-020-02,0,0.0,0.0,0.0,0.0,0.0,0.0,0.0,1,13.542669167010825
gpt-5-mini,scaled_load-12000-1,scaled_load,12000,11933,16,1,IR-020-03,0,0.0,0.0,0.0,0.0,0.0,0.0,0.0,1,13.542669167010825
gpt-5-mini,scaled_load-12000-1,scaled_load,12000,11933,16,1,IR-020-04,0,0.0,0.0,0.0,0.0,0.0,0.0,0.0,1,13.542669167010825
gpt-5-mini,scaled_load-12000-1,scaled_load,12000,11933,16,1,IR-020-05,0,0.0,0.0,0.0,0.0,0.0,0.0,0.0,1,13.542669167010825
gpt-5-mini,scaled_load-12000-1,scaled_load,12000,11933,16,1,IR-020-06,0,0.0,0.0,0.0,0.0,0.0,0.0,0.0,1,13.542669167010825
gpt-5-mini,scaled_load-12000-1,scaled_load,12000,11933,16,1,IR-020-07,0,0.0,0.0,0.0,0.0,0.0,0.0,0.0,1,13.542669167010825
gpt-5-mini,scaled_load-12000-1,scaled_load,12000,11933,16,1,IR-020-08,0,0.0,0.0,0.0,0.0,0.0,0.0,0.0,1,13.542669167010825
gpt-5-mini,scaled_load-12000-1,scaled_load,12000,11933,16,1,IR-020-09,0,0.0,0.0,0.0,0.0,0.0,0.0,0.0,1,13.542669167010825
gpt-5-mini,scaled_load-12000-1,scaled_load,12000,11933,16,1,IR-020-10,0,0.0,0.0,0.0,0.0,0.0,0.0,0.0,1,13.542669167010825
gpt-5-mini,scaled_load-12000-1,scaled_load,12000,11933,16,1,IR-020-11,0,0.0,0.0,0.0,0.0,0.0,0.0,0.0,1,13.542669167010825
gpt-5-mini,scaled_load-12000-1,scaled_load,12000,11933,16,1,IR-020-12,0,0.0,0.0,0.0,0.0,0.0,0.0,0.0,1,13.542669167010825
gpt-5-mini,scaled_load-12000-1,scaled_load,12000,11933,16,1,IR-020-13,0,0.0,0.0,0.0,0.0,0.0,0.0,0.0,1,13.542669167010825
gpt-5-mini,scaled_load-12000-1,scaled_load,12000,11933,16,1,IR-020-14,0,0.0,0.0,0.0,0.0,0.0,0.0,0.0,1,13.542669167010825
gpt-5-mini,scaled_load-12000-1,scaled_load,12000,11933,16,1,IR-020-15,0,0.0,0.0,0.0,0.0,0.0,0.0,0.0,1,13.542669167010825
gpt-5-mini,scaled_load-12000-1,scaled_load,12000,11933,16,1,IR-020-16,0,0.0,0.0,0.0,0.0,0.0,0.0,0.0,1,13.542669167010825
gpt-5-mini,scaled_load-12000-2,scaled_load,12000,11931,16,2,IR-021-01,0,0.0,0.0,0.0,0.0,0.0,0.0,0.0,1,13.542427347526367
gpt-5-mini,scaled_load-12000-2,scaled_load,12000,11931,16,2,IR-021-02,0,0.0,0.0,0.0,0.0,0.0,0.0,0.0,1,13.542427347526367
gpt-5-mini,scaled_load-12000-2,scaled_load,12000,11931,16,2,IR-021-03,0,0.0,0.0,0.0,0.0,0.0,0.0,0.0,1,13.542427347526367
gpt-5-mini,scaled_load-12000-2,scaled_load,12000,11931,16,2,IR-021-04,0,0.0,0.0,0.0,0.0,0.0,0.0,0.0,1,13.542427347526367
gpt-5-mini,scaled_load-12000-2,scaled_load,12000,11931,16,2,IR-021-05,0,0.0,0.0,0.0,0.0,0.0,0.0,0.0,1,13.542427347526367
gpt-5-mini,scaled_load-12000-2,scaled_load,12000,11931,16,2,IR-021-06,0,0.0,0.0,0.0,0.0,0.0,0.0,0.0,1,13.542427347526367
gpt-5-mini,scaled_load-12000-2,scaled_load,12000,11931,16,2,IR-021-07,0,0.0,0.0,0.0,0.0,0.0,0.0,0.0,1,13.542427347526367
gpt-5-mini,scaled_load-12000-2,scaled_load,12000,11931,16,2,IR-021-08,0,0.0,0.0,0.0,0.0,0.0,0.0,0.0,1,13.542427347526367
gpt-5-mini,scaled_load-12000-2,scaled_load,12000,11931,16,2,IR-021-09,0,0.0,0.0,0.0,0.0,0.0,0.0,0.0,1,13.542427347526367
gpt-5-mini,scaled_load-12000-2,scaled_load,12000,11931,16,2,IR-021-10,0,0.0,0.0,0.0,0.0,0.0,0.0,0.0,1,13.542427347526367
gpt-5-mini,scaled_load-12000-2,scaled_load,12000,11931,16,2,IR-021-11,0,0.0,0.0,0.0,0.0,0.0,0.0,0.0,1,13.542427347526367
gpt-5-mini,scaled_load-12000-2,scaled_load,12000,11931,16,2,IR-021-12,0,0.0,0.0,0.0,0.0,0.0,0.0,0.0,1,13.542427347526367
gpt-5-mini,scaled_load-12000-2,scaled_load,12000,11931,16,2,IR-021-13,0,0.0,0.0,0.0,0.0,0.0,0.0,0.0,1,13.542427347526367
gpt-5-mini,scaled_load-12000-2,scaled_load,12000,11931,16,2,IR-021-14,0,0.0,0.0,0.0,0.0,0.0,0.0,0.0,1,13.542427347526367
gpt-5-mini,scaled_load-12000-2,scaled_load,12000,11931,16,2,IR-021-15,0,0.0,0.0,0.0,0.0,0.0,0.0,0.0,1,13.542427347526367
gpt-5-mini,scaled_load-12000-2,scaled_load,12000,11931,16,2,IR-021-16,0,0.0,0.0,0.0,0.0,0.0,0.0,0.0,1,13.542427347526367
gpt-5-mini,scaled_load-24000-0,scaled_load,24000,23931,32,0,IR-022-01,1,,,,,,,,0,14.54659306329998
gpt-5-mini,scaled_load-24000-0,scaled_load,24000,23931,32,0,IR-022-02,1,,,,,,,,0,14.54659306329998
gpt-5-mini,scaled_load-24000-0,scaled_load,24000,23931,32,0,IR-022-03,1,,,,,,,,0,14.54659306329998
gpt-5-mini,scaled_load-24000-0,scaled_load,24000,23931,32,0,IR-022-04,1,,,,,,,,0,14.54659306329998
gpt-5-mini,scaled_load-24000-0,scaled_load,24000,23931,32,0,IR-022-05,1,,,,,,,,0,14.54659306329998
gpt-5-mini,scaled_load-24000-0,scaled_load,24000,23931,32,0,IR-022-06,1,,,,,,,,0,14.54659306329998
gpt-5-mini,scaled_load-24000-0,scaled_load,24000,23931,32,0,IR-022-07,1,,,,,,,,0,14.54659306329998
gpt-5-mini,scaled_load-24000-0,scaled_load,24000,23931,32,0,IR-022-08,1,,,,,,,,0,14.54659306329998
gpt-5-mini,scaled_load-24000-0,scaled_load,24000,23931,32,0,IR-022-09,1,,,,,,,,0,14.54659306329998
gpt-5-mini,scaled_load-24000-0,scaled_load,24000,23931,32,0,IR-022-10,1,,,,,,,,0,14.54659306329998
gpt-5-mini,scaled_load-24000-0,scaled_load,24000,23931,32,0,IR-022-11,1,,,,,,,,0,14.54659306329998
gpt-5-mini,scaled_load-24000-0,scaled_load,24000,23931,32,0,IR-022-12,1,,,,,,,,0,14.54659306329998
gpt-5-mini,scaled_load-24000-0,scaled_load,24000,23931,32,0,IR-022-13,1,,,,,,,,0,14.54659306329998
gpt-5-mini,scaled_load-24000-0,scaled_load,24000,23931,32,0,IR-022-14,1,,,,,,,,0,14.54659306329998
gpt-5-mini,scaled_load-24000-0,scaled_load,24000,23931,32,0,IR-022-15,1,,,,,,,,0,14.54659306329998
gpt-5-mini,scaled_load-24000-0,scaled_load,24000,23931,32,0,IR-022-16,1,,,,,,,,0,14.54659306329998
gpt-5-mini,scaled_load-24000-0,scaled_load,24000,23931,32,0,IR-022-17,1,,,,,,,,0,14.54659306329998
gpt-5-mini,scaled_load-24000-0,scaled_load,24000,23931,32,0,IR-022-18,1,,,,,,,,0,14.54659306329998
gpt-5-mini,scaled_load-24000-0,scaled_load,24000,23931,32,0,IR-022-19,1,,,,,,,,0,14.54659306329998
gpt-5-mini,scaled_load-24000-0,scaled_load,24000,23931,32,0,IR-022-20,1,,,,,,,,0,14.54659306329998
gpt-5-mini,scaled_load-24000-0,scaled_load,24000,23931,32,0,IR-022-21,1,,,,,,,,0,14.54659306329998
gpt-5-mini,scaled_load-24000-0,scaled_load,24000,23931,32,0,IR-022-22,1,,,,,,,,0,14.54659306329998
gpt-5-mini,scaled_load-24000-0,scaled_load,24000,23931,32,0,IR-022-23,1,,,,,,,,0,14.54659306329998
gpt-5-mini,scaled_load-24000-0,scaled_load,24000,23931,32,0,IR-022-24,1,,,,,,,,0,14.54659306329998
gpt-5-mini,scaled_load-24000-0,scaled_load,24000,23931,32,0,IR-022-25,1,,,,,,,,0,14.54659306329998
gpt-5-mini,scaled_load-24000-0,scaled_load,24000,23931,32,0,IR-022-26,1,,,,,,,,0,14.54659306329998
gpt-5-mini,scaled_load-24000-0,scaled_load,24000,23931,32,0,IR-022-27,1,,,,,,,,0,14.54659306329998
gpt-5-mini,scaled_load-24000-0,scaled_load,24000,23931,32,0,IR-022-28,1,,,,,,,,0,14.54659306329998
gpt-5-mini,scaled_load-24000-0,scaled_load,24000,23931,32,0,IR-022-29,1,,,,,,,,0,14.54659306329998
gpt-5-mini,scaled_load-24000-0,scaled_load,24000,23931,32,0,IR-022-30,1,,,,,,,,0,14.54659306329998
gpt-5-mini,scaled_load-24000-0,scaled_load,24000,23931,32,0,IR-022-31,1,,,,,,,,0,14.54659306329998
gpt-5-mini,scaled_load-24000-0,scaled_load,24000,23931,32,0,IR-022-32,1,,,,,,,,0,14.54659306329998
gpt-5-mini,scaled_load-24000-1,scaled_load,24000,23943,32,1,IR-023-01,1,,,,,,,,0,14.54731630935643
gpt-5-mini,scaled_load-24000-1,scaled_load,24000,23943,32,1,IR-023-02,1,,,,,,,,0,14.54731630935643
gpt-5-mini,scaled_load-24000-1,scaled_load,24000,23943,32,1,IR-023-03,1,,,,,,,,0,14.54731630935643
gpt-5-mini,scaled_load-24000-1,scaled_load,24000,23943,32,1,IR-023-04,1,,,,,,,,0,14.54731630935643
gpt-5-mini,scaled_load-24000-1,scaled_load,24000,23943,32,1,IR-023-05,1,,,,,,,,0,14.54731630935643
gpt-5-mini,scaled_load-24000-1,scaled_load,24000,23943,32,1,IR-023-06,1,,,,,,,,0,14.54731630935643
gpt-5-mini,scaled_load-24000-1,scaled_load,24000,23943,32,1,IR-023-07,1,,,,,,,,0,14.54731630935643
gpt-5-mini,scaled_load-24000-1,scaled_load,24000,23943,32,1,IR-023-08,1,,,,,,,,0,14.54731630935643
gpt-5-mini,scaled_load-24000-1,scaled_load,24000,23943,32,1,IR-023-09,1,,,,,,,,0,14.54731630935643
gpt-5-mini,scaled_load-24000-1,scaled_load,24000,23943,32,1,IR-023-10,1,,,,,,,,0,14.54731630935643
gpt-5-mini,scaled_load-24000-1,scaled_load,24000,23943,32,1,IR-023-11,1,,,,,,,,0,14.54731630935643
gpt-5-mini,scaled_load-24000-1,scaled_load,24000,23943,32,1,IR-023-12,1,,,,,,,,0,14.54731630935643
gpt-5-mini,scaled_load-24000-1,scaled_load,24000,23943,32,1,IR-023-13,1,,,,,,,,0,14.54731630935643
gpt-5-mini,scaled_load-24000-1,scaled_load,24000,23943,32,1,IR-023-14,1,,,,,,,,0,14.54731630935643
gpt-5-mini,scaled_load-24000-1,scaled_load,24000,23943,32,1,IR-023-15,1,,,,,,,,0,14.54731630935643
gpt-5-mini,scaled_load-24000-1,scaled_load,24000,23943,32,1,IR-023-16,1,,,,,,,,0,14.54731630935643
gpt-5-mini,scaled_load-24000-1,scaled_load,24000,23943,32,1,IR-023-17,1,,,,,,,,0,14.54731630935643
gpt-5-mini,scaled_load-24000-1,scaled_load,24000,23943,32,1,IR-023-18,1,,,,,,,,0,14.54731630935643
gpt-5-mini,scaled_load-24000-1,scaled_load,24000,23943,32,1,IR-023-19,1,,,,,,,,0,14.54731630935643
gpt-5-mini,scaled_load-24000-1,scaled_load,24000,23943,32,1,IR-023-20,1,,,,,,,,0,14.54731630935643
gpt-5-mini,scaled_load-24000-1,scaled_load,24000,23943,32,1,IR-023-21,1,,,,,,,,0,14.54731630935643
gpt-5-mini,scaled_load-24000-1,scaled_load,24000,23943,32,1,IR-023-22,1,,,,,,,,0,14.54731630935643
gpt-5-mini,scaled_load-24000-1,scaled_load,24000,23943,32,1,IR-023-23,1,,,,,,,,0,14.54731630935643
gpt-5-mini,scaled_load-24000-1,scaled_load,24000,23943,32,1,IR-023-24,1,,,,,,,,0,14.54731630935643
gpt-5-mini,scaled_load-24000-1,scaled_load,24000,23943,32,1,IR-023-25,1,,,,,,,,0,14.54731630935643
gpt-5-mini,scaled_load-24000-1,scaled_load,24000,23943,32,1,IR-023-26,1,,,,,,,,0,14.54731630935643
gpt-5-mini,scaled_load-24000-1,scaled_load,24000,23943,32,1,IR-023-27,1,,,,,,,,0,14.54731630935643
gpt-5-mini,scaled_load-24000-1,scaled_load,24000,23943,32,1,IR-023-28,1,,,,,,,,0,14.54731630935643
gpt-5-mini,scaled_load-24000-1,scaled_load,24000,23943,32,1,IR-023-29,1,,,,,,,,0,14.54731630935643
gpt-5-mini,scaled_load-24000-1,scaled_load,24000,23943,32,1,IR-023-30,1,,,,,,,,0,14.54731630935643
gpt-5-mini,scaled_load-24000-1,scaled_load,24000,23943,32,1,IR-023-31,1,,,,,,,,0,14.54731630935643
gpt-5-mini,scaled_load-24000-1,scaled_load,24000,23943,32,1,IR-023-32,1,,,,,,,,0,14.54731630935643
gpt-5-mini,scaled_load-24000-2,scaled_load,24000,23933,32,2,IR-024-01,0,0.0,0.0,0.0,0.0,0.0,0.0,0.0,1,14.546713629490998
gpt-5-mini,scaled_load-24000-2,scaled_load,24000,23933,32,2,IR-024-02,0,0.0,0.0,0.0,0.0,0.0,0.0,0.0,1,14.546713629490998
gpt-5-mini,scaled_load-24000-2,scaled_load,24000,23933,32,2,IR-024-03,0,0.0,0.0,0.0,0.0,0.0,0.0,0.0,1,14.546713629490998
gpt-5-mini,scaled_load-24000-2,scaled_load,24000,23933,32,2,IR-024-04,0,0.0,0.0,0.0,0.0,0.0,0.0,0.0,1,14.546713629490998
gpt-5-mini,scaled_load-24000-2,scaled_load,24000,23933,32,2,IR-024-05,0,0.0,0.0,0.0,0.0,0.0,0.0,0.0,1,14.546713629490998
gpt-5-mini,scaled_load-24000-2,scaled_load,24000,23933,32,2,IR-024-06,0,0.0,0.0,0.0,0.0,0.0,0.0,0.0,1,14.546713629490998
gpt-5-mini,scaled_load-24000-2,scaled_load,24000,23933,32,2,IR-024-07,0,0.0,0.0,0.0,0.0,0.0,0.0,0.0,1,14.546713629490998
gpt-5-mini,scaled_load-24000-2,scaled_load,24000,23933,32,2,IR-024-08,0,0.0,0.0,0.0,0.0,0.0,0.0,0.0,1,14.546713629490998
gpt-5-mini,scaled_load-24000-2,scaled_load,24000,23933,32,2,IR-024-09,0,0.0,0.0,0.0,0.0,0.0,0.0,0.0,1,14.546713629490998
gpt-5-mini,scaled_load-24000-2,scaled_load,24000,23933,32,2,IR-024-10,0,0.0,0.0,0.0,0.0,0.0,0.0,0.0,1,14.546713629490998
gpt-5-mini,scaled_load-24000-2,scaled_load,24000,23933,32,2,IR-024-11,0,0.0,0.0,0.0,0.0,0.0,0.0,0.0,1,14.546713629490998
gpt-5-mini,scaled_load-24000-2,scaled_load,24000,23933,32,2,IR-024-12,0,0.0,0.0,0.0,0.0,0.0,0.0,0.0,1,14.546713629490998
gpt-5-mini,scaled_load-24000-2,scaled_load,24000,23933,32,2,IR-024-13,0,0.0,0.0,0.0,0.0,0.0,0.0,0.0,1,14.546713629490998
gpt-5-mini,scaled_load-24000-2,scaled_load,24000,23933,32,2,IR-024-14,0,0.0,0.0,0.0,0.0,0.0,0.0,0.0,1,14.546713629490998
gpt-5-mini,scaled_load-24000-2,scaled_load,24000,23933,32,2,IR-024-15,0,0.0,0.0,0.0,0.0,0.0,0.0,0.0,1,14.546713629490998
gpt-5-mini,scaled_load-24000-2,scaled_load,24000,23933,32,2,IR-024-16,0,0.0,0.0,0.0,0.0,0.0,0.0,0.0,1,14.546713629490998
gpt-5-mini,scaled_load-24000-2,scaled_load,24000,23933,32,2,IR-024-17,0,0.0,0.0,0.0,0.0,0.0,0.0,0.0,1,14.546713629490998
gpt-5-mini,scaled_load-24000-2,scaled_load,24000,23933,32,2,IR-024-18,0,0.0,0.0,0.0,0.0,0.0,0.0,0.0,1,14.546713629490998
gpt-5-mini,scaled_load-24000-2,scaled_load,24000,23933,32,2,IR-024-19,0,0.0,0.0,0.0,0.0,0.0,0.0,0.0,1,14.546713629490998
gpt-5-mini,scaled_load-24000-2,scaled_load,24000,23933,32,2,IR-024-20,0,0.0,0.0,0.0,0.0,0.0,0.0,0.0,1,14.546713629490998
gpt-5-mini,scaled_load-24000-2,scaled_load,24000,23933,32,2,IR-024-21,0,0.0,0.0,0.0,0.0,0.0,0.0,0.0,1,14.546713629490998
gpt-5-mini,scaled_load-24000-2,scaled_load,24000,23933,32,2,IR-024-22,0,0.0,0.0,0.0,0.0,0.0,0.0,0.0,1,14.546713629490998
gpt-5-mini,scaled_load-24000-2,scaled_load,24000,23933,32,2,IR-024-23,0,0.0,0.0,0.0,0.0,0.0,0.0,0.0,1,14.546713629490998
gpt-5-mini,scaled_load-24000-2,scaled_load,24000,23933,32,2,IR-024-24,0,0.0,0.0,0.0,0.0,0.0,0.0,0.0,1,14.546713629490998
gpt-5-mini,scaled_load-24000-2,scaled_load,24000,23933,32,2,IR-024-25,0,0.0,0.0,0.0,0.0,0.0,0.0,0.0,1,14.546713629490998
gpt-5-mini,scaled_load-24000-2,scaled_load,24000,23933,32,2,IR-024-26,0,0.0,0.0,0.0,0.0,0.0,0.0,0.0,1,14.546713629490998
gpt-5-mini,scaled_load-24000-2,scaled_load,24000,23933,32,2,IR-024-27,0,0.0,0.0,0.0,0.0,0.0,0.0,0.0,1,14.546713629490998
gpt-5-mini,scaled_load-24000-2,scaled_load,24000,23933,32,2,IR-024-28,0,0.0,0.0,0.0,0.0,0.0,0.0,0.0,1,14.546713629490998
gpt-5-mini,scaled_load-24000-2,scaled_load,24000,23933,32,2,IR-024-29,0,0.0,0.0,0.0,0.0,0.0,0.0,0.0,1,14.546713629490998
gpt-5-mini,scaled_load-24000-2,scaled_load,24000,23933,32,2,IR-024-30,0,0.0,0.0,0.0,0.0,0.0,0.0,0.0,1,14.546713629490998
gpt-5-mini,scaled_load-24000-2,scaled_load,24000,23933,32,2,IR-024-31,0,0.0,0.0,0.0,0.0,0.0,0.0,0.0,1,14.546713629490998
gpt-5-mini,scaled_load-24000-2,scaled_load,24000,23933,32,2,IR-024-32,0,0.0,0.0,0.0,0.0,0.0,0.0,0.0,1,14.546713629490998
